[{"id":14674,"name":"Skeleton","type":10,"category":0,"actions":[],"coordinates":[[838,45462],[842,45462],[846,45462],[850,45462],[882,45462],[886,45462],[894,45462]],"size":[1,1,99],"rotations":[0,0,0,0,0,0,0],"colors":[14474976]},{"id":14675,"name":"Skeleton","type":10,"category":0,"actions":[],"coordinates":[[856,45466],[860,45466],[876,45466],[880,45466]],"size":[2,1,56],"rotations":[1,3,3,1],"colors":[14474976,11185077]},{"id":21773,"name":"Soul Devourer","type":10,"category":0,"actions":[],"coordinates":[[866,45394]],"size":[5,5,570],"rotations":[0],"colors":[3885937,2965593,4938587,12443359,12774052,14150601,15265253,15790575,2763344]},{"id":21772,"name":"Portcullis","type":10,"category":0,"actions":["Exit"],"coordinates":[[866,45530]],"size":[3,1,260],"rotations":[0],"colors":[5723997,4013377,8158597,7039858]},{"id":14645,"name":"Skeleton","type":10,"category":0,"actions":[],"coordinates":[[890,45462]],"size":[1,1,99],"rotations":[0],"colors":[14474976]},{"id":23101,"name":"Soul boat","type":10,"category":0,"actions":[],"coordinates":[[902,45358]],"size":[3,3,173],"rotations":[0],"colors":[1076076,1071989,2976654,3174549,3307680,1464957,10542815,65536,1065314,6516344,10146000,19276]}]