[{"id":10820,"name":"Oak tree","type":10,"category":279,"actions":["Chop down"],"coordinates":[[786,35318]],"size":[3,3,435],"rotations":[0],"colors":[4017253,4419840]},{"id":1391,"name":"Plant","type":10,"category":0,"actions":[],"coordinates":[[796,35320],[820,35324]],"size":[2,2,97],"rotations":[0,0],"colors":[9145493,8684685,11185077,10000803]},{"id":34335,"name":"Sulphur Vent","type":10,"category":0,"actions":[],"coordinates":[[956,35272],[976,35228],[996,35108],[1000,35292]],"size":[2,2,85],"rotations":[0,0,0,0],"colors":[4938587,4213836,2964797,6712422,5996133,8888692,14147488,16644512,15522738,14338738,15396333]},{"id":11364,"name":"Iron rocks","type":10,"category":218,"actions":["Mine"],"coordinates":[[1006,35174],[1010,35166],[1022,35178],[1022,35170]],"size":[1,1,84],"rotations":[0,0,0,0],"colors":[7039858,65536]},{"id":11365,"name":"Iron rocks","type":11,"category":218,"actions":["Mine"],"coordinates":[[1010,35170]],"size":[1,1,89],"rotations":[0],"colors":[7039858,65536]},{"id":11367,"name":"Coal rocks","type":10,"category":200,"actions":["Mine"],"coordinates":[[1018,35182]],"size":[1,1,89],"rotations":[0],"colors":[7039858,65536]},{"id":11366,"name":"Coal rocks","type":10,"category":200,"actions":["Mine"],"coordinates":[[1022,35190]],"size":[1,1,84],"rotations":[0],"colors":[7039858,65536]}]