[{"id":1325,"name":"Roots","type":10,"category":0,"actions":[],"coordinates":[[1042,10626],[1142,10614],[1246,10562]],"size":[1,1,75],"rotations":[0,0,0],"colors":[1068652]},{"id":666,"name":"Corpse","type":10,"category":0,"actions":[],"coordinates":[[1044,10602]],"size":[2,1,56],"rotations":[3],"colors":[14474976,11185077]},{"id":10785,"name":"Rock","type":10,"category":0,"actions":[],"coordinates":[[1050,10630],[1114,10658],[1182,10650],[1218,10610]],"size":[1,1,56],"rotations":[0,0,0,0],"colors":[5540258]},{"id":14020,"name":"Bones","type":10,"category":0,"actions":[],"coordinates":[[1050,10582]],"size":[1,1,44],"rotations":[0],"colors":[14474976]},{"id":653,"name":"null","type":22,"category":1684,"actions":[],"coordinates":[[1054,10622],[1114,10586],[1118,10566],[1130,10634],[1186,10622],[1206,10634],[1214,10562]],"size":[1,1,2],"rotations":[0,0,0,0,0,0,0],"colors":[1451916]},{"id":652,"name":"null","type":22,"category":1684,"actions":[],"coordinates":[[1062,10594],[1090,10606],[1106,10554],[1134,10570],[1154,10550],[1170,10562],[1174,10586],[1226,10578]],"size":[1,1,2],"rotations":[0,0,0,0,0,0,0,0],"colors":[1451916]},{"id":11425,"name":"Mossy rock","type":10,"category":0,"actions":[],"coordinates":[[1070,10582],[1142,10542],[1154,10638],[1166,10594],[1190,10650],[1194,10558]],"size":[1,1,53],"rotations":[0,0,0,0,0,0],"colors":[6178560,6782064]},{"id":1366,"name":"Roots","type":10,"category":0,"actions":[],"coordinates":[[1074,10582],[1106,10598],[1118,10658],[1186,10586],[1226,10586]],"size":[1,1,81],"rotations":[0,0,0,0,0],"colors":[1068652]},{"id":1324,"name":"Roots","type":10,"category":0,"actions":[],"coordinates":[[1078,10630]],"size":[1,1,73],"rotations":[0],"colors":[1068652]},{"id":10783,"name":"Rock","type":10,"category":0,"actions":[],"coordinates":[[1082,10630],[1170,10618],[1226,10538]],"size":[1,1,65],"rotations":[0,0,0],"colors":[5540258]},{"id":667,"name":"Corpse","type":10,"category":0,"actions":[],"coordinates":[[1092,10610]],"size":[2,1,99],"rotations":[3],"colors":[7566202,10790320,14474976]},{"id":30384,"name":"Crevice","type":0,"category":0,"actions":["Squeeze-through"],"coordinates":[[1090,10594],[1186,10566]],"size":[1,1,240],"rotations":[0,0],"colors":[8294809,7834257,7241862,6780540,5730424,5137773,5139565,4023141,2971481,65536]},{"id":30385,"name":"Crevice","type":0,"category":0,"actions":["Squeeze-through"],"coordinates":[[1098,10594],[1194,10566]],"size":[1,1,240],"rotations":[0,0],"colors":[8294809,7834257,7241862,6780540,5730424,5137773,5139565,4023141,2971481,65536]},{"id":1364,"name":"Roots","type":10,"category":0,"actions":[],"coordinates":[[1102,10570]],"size":[3,3,152],"rotations":[0],"colors":[1068652]},{"id":654,"name":"null","type":22,"category":1684,"actions":[],"coordinates":[[1102,10558],[1118,10654],[1118,10598],[1162,10578]],"size":[1,1,2],"rotations":[0,0,0,0],"colors":[1451916]},{"id":29978,"name":"Fallen soldier","type":10,"category":0,"actions":[],"coordinates":[[1104,10556]],"size":[2,2,52],"rotations":[0],"colors":[2763309,13096922,1780378,7039858,65536,4934480,1450884,4013377,10790320]},{"id":20781,"name":"Skeleton","type":10,"category":0,"actions":[],"coordinates":[[1108,10646]],"size":[2,1,56],"rotations":[3],"colors":[14474976,11185077]},{"id":1367,"name":"Roots","type":10,"category":0,"actions":[],"coordinates":[[1106,10622],[1178,10550],[1186,10650],[1230,10538]],"size":[1,1,73],"rotations":[0,0,0,0],"colors":[1068652]},{"id":10782,"name":"Rock","type":10,"category":0,"actions":[],"coordinates":[[1110,10614],[1198,10602],[1218,10586]],"size":[1,1,54],"rotations":[0,0,0],"colors":[5540258]},{"id":29984,"name":"Lizardman corpse","type":10,"category":0,"actions":[],"coordinates":[[1114,10596],[1170,10640]],"size":[1,2,96],"rotations":[1,0],"colors":[1465740,11185077,1781932,10790320,10145987,9554620,10671303,9290678,2122692,8895664,13559781,13100002,7838117,14740201,8170914,8562613]},{"id":1368,"name":"Roots","type":10,"category":0,"actions":[],"coordinates":[[1118,10538],[1154,10590],[1218,10614]],"size":[1,1,75],"rotations":[0,0,0],"colors":[1068652]},{"id":30382,"name":"Crevice","type":0,"category":0,"actions":["Squeeze-through"],"coordinates":[[1126,10614],[1178,10602]],"size":[1,1,240],"rotations":[0,0],"colors":[8294809,7834257,7241862,6780540,5730424,5137773,5139565,4023141,2971481,65536]},{"id":30383,"name":"Crevice","type":0,"category":0,"actions":["Squeeze-through"],"coordinates":[[1126,10606],[1178,10594]],"size":[1,1,240],"rotations":[0,0],"colors":[8294809,7834257,7241862,6780540,5730424,5137773,5139565,4023141,2971481,65536]},{"id":11424,"name":"Mossy rock","type":10,"category":0,"actions":[],"coordinates":[[1128,10580],[1160,10564]],"size":[2,2,70],"rotations":[0,0],"colors":[6178560,6782064]},{"id":30381,"name":"Crevice","type":0,"category":0,"actions":["Squeeze-through"],"coordinates":[[1126,10534]],"size":[1,1,240],"rotations":[0],"colors":[8294809,7834257,7241862,6780540,5730424,5137773,5139565,4023141,2971481,65536]},{"id":29897,"name":"Fallen soldier","type":10,"category":0,"actions":[],"coordinates":[[1136,10568]],"size":[2,2,32],"rotations":[0],"colors":[2763309,13096922,1780378,7039858,65536,4934480,1450884,4013377]},{"id":12245,"name":"Skeleton","type":10,"category":0,"actions":[],"coordinates":[[1144,10658]],"size":[2,1,56],"rotations":[0],"colors":[14474976,11185077]},{"id":29977,"name":"Fallen soldier","type":10,"category":0,"actions":[],"coordinates":[[1144,10592],[1152,10548]],"size":[2,2,54],"rotations":[0,0],"colors":[2763309,13096922,1780378,7039858,65536,4934480,1450884,4013377]},{"id":10784,"name":"Rock","type":10,"category":0,"actions":[],"coordinates":[[1146,10614],[1246,10558]],"size":[1,1,96],"rotations":[0,0],"colors":[5540258]},{"id":12246,"name":"Skeleton","type":10,"category":0,"actions":[],"coordinates":[[1154,10634]],"size":[1,1,67],"rotations":[0],"colors":[14474976]},{"id":665,"name":"Corpse","type":10,"category":0,"actions":[],"coordinates":[[1162,10542],[1194,10602]],"size":[1,1,99],"rotations":[0,0],"colors":[14474976]},{"id":29983,"name":"Lizardman corpse","type":10,"category":0,"actions":[],"coordinates":[[1174,10562]],"size":[1,1,181],"rotations":[0],"colors":[10145987,2122692,10671303,9290678,9554620,8895664,13559781,7838117,13100002,14740201,8170914,8562613,3006971,1465740,11185077,1781932,10790320]},{"id":664,"name":"Corpse","type":10,"category":0,"actions":[],"coordinates":[[1206,10538]],"size":[1,1,67],"rotations":[0],"colors":[14474976]},{"id":14019,"name":"Bones","type":10,"category":0,"actions":[],"coordinates":[[1218,10634]],"size":[1,1,25],"rotations":[0],"colors":[14474976]}]