[{"id":10829,"name":"Willow tree","type":10,"category":286,"actions":["Chop down"],"coordinates":[[1168,38572]],"size":[2,2,354],"rotations":[0],"colors":[4224149,13004800]},{"id":10819,"name":"Willow tree","type":10,"category":286,"actions":["Chop down"],"coordinates":[[1176,38596],[1180,38560]],"size":[2,2,323],"rotations":[0,0],"colors":[5142142,13004800]},{"id":1393,"name":"Plant","type":10,"category":0,"actions":[],"coordinates":[[1174,38562],[1210,38526],[1242,38574],[1254,38506]],"size":[1,1,133],"rotations":[0,0,0,0],"colors":[11185077,7039858,10000803,9145493,8684685,8158597]},{"id":1278,"name":"Tree","type":10,"category":189,"actions":["Chop down"],"coordinates":[[1180,38604],[1232,38584],[1268,38536]],"size":[2,2,372],"rotations":[0,0,0],"colors":[4419840,4017253]},{"id":1394,"name":"Plant","type":10,"category":0,"actions":[],"coordinates":[[1184,38596],[1240,38588]],"size":[2,2,142],"rotations":[0,0],"colors":[9145493,11185077,10000803]},{"id":10834,"name":"Magic tree","type":10,"category":290,"actions":["Chop down"],"coordinates":[[1188,38540],[1200,38528],[1216,38528]],"size":[2,2,450],"rotations":[0,0,0],"colors":[15818752,4419840,5669001]},{"id":1391,"name":"Plant","type":10,"category":0,"actions":[],"coordinates":[[1188,38532],[1240,38640],[1240,38580],[1252,38536]],"size":[2,2,97],"rotations":[0,0,0,0],"colors":[9145493,8684685,11185077,10000803]},{"id":53188,"name":"Tree","type":10,"category":189,"actions":["Chop down"],"coordinates":[[1196,38624]],"size":[2,2,363],"rotations":[0],"colors":[9145493,11185077,10000803]},{"id":51792,"name":"Rockslide","type":10,"category":0,"actions":[],"coordinates":[[1208,38644],[1228,38612],[1244,38560],[1260,38636],[1268,38620],[1268,38548],[1276,38544]],"size":[2,2,43],"rotations":[0,0,0,0,0,0,0],"colors":[5540258]},{"id":51790,"name":"Rockslide","type":10,"category":0,"actions":[],"coordinates":[[1216,38644]],"size":[2,2,87],"rotations":[0],"colors":[5540258]},{"id":51793,"name":"Rockslide","type":10,"category":0,"actions":[],"coordinates":[[1216,38636],[1236,38568]],"size":[2,2,43],"rotations":[0,0],"colors":[5540258]},{"id":1276,"name":"Tree","type":10,"category":189,"actions":["Chop down"],"coordinates":[[1220,38604],[1248,38504],[1260,38544]],"size":[2,2,290],"rotations":[0,0,0],"colors":[4017253,4419840]},{"id":10820,"name":"Oak tree","type":10,"category":279,"actions":["Chop down"],"coordinates":[[1226,38618],[1234,38554],[1246,38546]],"size":[3,3,435],"rotations":[0,0,0],"colors":[4017253,4419840]},{"id":1392,"name":"Plant","type":10,"category":0,"actions":[],"coordinates":[[1228,38628]],"size":[2,2,143],"rotations":[0],"colors":[9145493,8684685,8158597,11185077,10000803]},{"id":52449,"name":"Cypress Tree","type":10,"category":0,"actions":[],"coordinates":[[1232,38648],[1252,38608],[1256,38584],[1260,38652]],"size":[2,2,463],"rotations":[0,0,0,0],"colors":[4028272,4291957,3895653,7048596,6453128,4941176]},{"id":51788,"name":"Roots","type":10,"category":0,"actions":[],"coordinates":[[1230,38618]],"size":[1,1,73],"rotations":[0],"colors":[1068652]},{"id":51787,"name":"Roots","type":10,"category":0,"actions":[],"coordinates":[[1230,38598]],"size":[1,1,81],"rotations":[0],"colors":[1068652]},{"id":51791,"name":"Rockslide","type":10,"category":0,"actions":[],"coordinates":[[1244,38568]],"size":[2,2,87],"rotations":[0],"colors":[5540258]},{"id":51789,"name":"Roots","type":10,"category":0,"actions":[],"coordinates":[[1242,38554]],"size":[1,1,75],"rotations":[0],"colors":[1068652]},{"id":1279,"name":"Tree","type":10,"category":189,"actions":["Chop down"],"coordinates":[[1244,38512]],"size":[2,2,372],"rotations":[0],"colors":[4419840,4017253]},{"id":51762,"name":"Tree","type":10,"category":189,"actions":["Chop down"],"coordinates":[[1268,38544]],"size":[2,2,363],"rotations":[0],"colors":[9145493,11185077,10000803]},{"id":51833,"name":"Scarecrow","type":11,"category":0,"actions":[],"coordinates":[[1270,38590]],"size":[1,1,276],"rotations":[0],"colors":[10978135,5140094,10213342,9071945,4028048,6133168,7579577,65536,8044229]}]