[{"id":51106,"name":"null","type":22,"category":1684,"actions":[],"coordinates":[[1462,11902],[1474,11914],[1486,11890]],"size":[1,1,2],"rotations":[0,0,0],"colors":[1451916]},{"id":51105,"name":"null","type":22,"category":1684,"actions":[],"coordinates":[[1462,11886],[1486,11914]],"size":[1,1,2],"rotations":[0,0],"colors":[1451916]},{"id":51271,"name":"Blood","type":10,"category":0,"actions":[],"coordinates":[[1470,11962],[1478,11842]],"size":[3,3,356],"rotations":[0,0],"colors":[3753401,3884989,3292064,2962830,3621294]},{"id":51270,"name":"Blood","type":10,"category":0,"actions":[],"coordinates":[[1470,11838],[1478,11966]],"size":[1,1,356],"rotations":[0,0],"colors":[3753401,3884989,3292064,2962830,3621294]},{"id":53003,"name":"Stairs","type":22,"category":0,"actions":["Quick-escape","Escape"],"coordinates":[[1534,11906],[1534,11902],[1534,11898]],"size":[1,1,26],"rotations":[0,0,0],"colors":[14143953]}]