[{"id":34655,"name":"Mysterious pipe","type":10,"category":0,"actions":["Enter"],"coordinates":[[1290,9506]],"size":[1,1,47],"rotations":[0],"colors":[5723997,7566202,6710892,15263453,7039858,6381927,65536]},{"id":1546,"name":"Door","type":0,"category":0,"actions":["Open"],"coordinates":[[1418,9538],[1418,9522],[1422,9554],[1446,9554],[1450,9538],[1450,9522]],"size":[1,1,240],"rotations":[0,0,0,0,0,0],"colors":[65536,8684685,11185077]},{"id":33484,"name":"Ladder","type":10,"category":0,"actions":["Climb-up"],"coordinates":[[1434,9514]],"size":[1,1,386],"rotations":[0],"colors":[4934480,4013377,9818607]},{"id":33497,"name":"Crates","type":10,"category":209,"actions":["Search"],"coordinates":[[1450,9530],[1450,9514],[1458,9526]],"size":[1,1,160],"rotations":[0,0,0],"colors":[7239278,8423808,5988955,4013377,4934480,65536]},{"id":33496,"name":"Crate","type":10,"category":209,"actions":["Search"],"coordinates":[[1450,9526],[1458,9530]],"size":[1,1,80],"rotations":[0,0],"colors":[7239278,8423808,5988955,4013377,4934480,65536]},{"id":33498,"name":"Crate","type":10,"category":209,"actions":["Search"],"coordinates":[[1454,9518]],"size":[1,1,80],"rotations":[0],"colors":[7239278,8423808,5988955,4013377,4934480,65536]}]