[{"id":1282,"name":"Dead tree","type":10,"category":189,"actions":["Chop down"],"coordinates":[[1304,36084],[1336,36056],[1404,36092]],"size":[2,2,510],"rotations":[0,0,0],"colors":[4214361,4020837]},{"id":20781,"name":"Skeleton","type":10,"category":0,"actions":[],"coordinates":[[1312,36094],[1312,36054],[1340,36066]],"size":[2,1,56],"rotations":[1,0,2],"colors":[14474976,11185077]},{"id":14756,"name":"Banner","type":10,"category":0,"actions":[],"coordinates":[[1318,36070],[1346,36082],[1362,36066]],"size":[1,1,228],"rotations":[0,0,0],"colors":[6453128,8399399,7083536,6426640,4984832]},{"id":20780,"name":"Skeleton","type":10,"category":0,"actions":[],"coordinates":[[1334,36070]],"size":[1,1,99],"rotations":[0],"colors":[14474976]},{"id":34486,"name":"Tree","type":10,"category":0,"actions":[],"coordinates":[[1354,35902],[1370,35914],[1378,35878],[1390,35902],[1390,35890]],"size":[1,1,264],"rotations":[0,0,0,0,0],"colors":[5143934,5144183,1078635,1076076,4028272,5669001]},{"id":16873,"name":"Fish bits","type":10,"category":529,"actions":[],"coordinates":[[1366,35894]],"size":[1,1,51],"rotations":[0],"colors":[14935015,11185077,5990036,12896729,7239558,4937592]},{"id":16872,"name":"Fish bits","type":10,"category":529,"actions":[],"coordinates":[[1366,35890],[1370,35894]],"size":[1,1,10],"rotations":[0,0],"colors":[14935015,11185077,5990036,12896729,4937592]},{"id":24108,"name":"Barrel","type":10,"category":0,"actions":[],"coordinates":[[1370,35886]],"size":[1,1,99],"rotations":[0],"colors":[7635341,6720164,5538466,5142421,2579065,9146517,4026512]},{"id":848,"name":"Spear wall","type":10,"category":0,"actions":[],"coordinates":[[1376,36086],[1376,36078],[1376,36070]],"size":[2,1,237],"rotations":[1,1,1],"colors":[11185077,2969197,2778759,3175579,2133684]},{"id":33613,"name":"Occupied Cormorant perch","type":11,"category":0,"actions":[],"coordinates":[[1374,35906]],"size":[1,1,45],"rotations":[0],"colors":[6453128,8096149,9882063,11185077,2597083,4211033,5723997,12899545,6381927,7241862,6445915]},{"id":724,"name":"Standing torch","type":10,"category":0,"actions":[],"coordinates":[[1378,36086],[1378,36066]],"size":[1,1,174],"rotations":[0,0],"colors":[5142142,2965593,5865615,2109620,2992123,3006971]},{"id":8695,"name":"Door","type":0,"category":0,"actions":["Open"],"coordinates":[[1378,35894]],"size":[1,1,236],"rotations":[0],"colors":[6523808,8034473,8758968]},{"id":27769,"name":"Broken lobster trap","type":11,"category":0,"actions":[],"coordinates":[[1378,35886]],"size":[1,1,48],"rotations":[0],"colors":[7241862,4938343,4946320,7838117,6392987]},{"id":33614,"name":"Boaty","type":10,"category":0,"actions":["Board"],"coordinates":[[1382,35866],[1530,35982]],"size":[3,3,106],"rotations":[0,0],"colors":[8429745,8158597,7835813,6453128]},{"id":27227,"name":"Barrel","type":10,"category":0,"actions":[],"coordinates":[[1382,35886]],"size":[1,1,63],"rotations":[0],"colors":[7635341,9146517,5538466,6720164,5142421,2579065,7635341,9146517,5538466,6720164,5142421,2579065]},{"id":33612,"name":"Unoccupied Cormorant perch","type":10,"category":0,"actions":[],"coordinates":[[1386,35910]],"size":[1,1,45],"rotations":[0],"colors":[6453128,8096149,9882063]},{"id":27682,"name":"Chair","type":10,"category":0,"actions":[],"coordinates":[[1386,35898]],"size":[1,1,155],"rotations":[0],"colors":[6990537,6392987,12441311]},{"id":27768,"name":"Broken barrel","type":10,"category":0,"actions":[],"coordinates":[[1394,35878],[1402,35886]],"size":[1,1,89],"rotations":[0,0],"colors":[7039858,7042945,9088448,7639457,5666697]},{"id":27763,"name":"Broken boat","type":10,"category":0,"actions":[],"coordinates":[[1400,35878]],"size":[2,3,89],"rotations":[2],"colors":[8429745,7244184,7639457,4288637,8158597,2579065]},{"id":14174,"name":"Driftwood","type":10,"category":0,"actions":[],"coordinates":[[1408,35876]],"size":[2,2,19],"rotations":[0],"colors":[8169673,6453128,4941176,5992062,15262429]}]