[{"id":10832,"name":"Maple tree","type":10,"category":222,"actions":["Chop down"],"coordinates":[[1544,39028],[1568,39016],[1580,38980]],"size":[2,2,310],"rotations":[0,0,0],"colors":[12600576,4224149]},{"id":55130,"name":"Rockslide","type":10,"category":0,"actions":[],"coordinates":[[1544,38944],[1544,38924],[1568,38924],[1576,38940],[1588,38928]],"size":[2,2,43],"rotations":[0,0,0,0,0],"colors":[5540258]},{"id":1282,"name":"Dead tree","type":10,"category":189,"actions":["Chop down"],"coordinates":[[1548,39036],[1572,38976],[1744,38940]],"size":[2,2,510],"rotations":[0,0,0],"colors":[4214361,4020837]},{"id":1286,"name":"Dead tree","type":10,"category":189,"actions":["Chop down"],"coordinates":[[1550,39014],[1578,38974],[1722,38918]],"size":[1,1,289],"rotations":[0,0,0],"colors":[1068652,1071989]},{"id":55129,"name":"Rockslide","type":10,"category":0,"actions":[],"coordinates":[[1552,38924]],"size":[2,2,87],"rotations":[0],"colors":[5540258]},{"id":55131,"name":"Rockslide","type":10,"category":0,"actions":[],"coordinates":[[1552,38916],[1572,38948]],"size":[2,2,43],"rotations":[0,0],"colors":[5540258]},{"id":11367,"name":"Coal rocks","type":10,"category":200,"actions":["Mine"],"coordinates":[[1582,38934]],"size":[1,1,89],"rotations":[0],"colors":[7039858,65536]},{"id":25159,"name":"Rock","type":10,"category":0,"actions":[],"coordinates":[[1590,38958],[1594,38958],[1594,38954],[1602,38986],[1606,38998],[1610,38982],[1610,38978],[1614,39002],[1618,38942],[1634,38934],[1662,38930],[1702,38930],[1718,38938],[1746,38966],[1754,38958]],"size":[1,1,34],"rotations":[0,0,0,0,0,0,0,0,0,0,0,0,0,0,0],"colors":[5732439,8494473,7638400,6518893]},{"id":11364,"name":"Iron rocks","type":10,"category":218,"actions":["Mine"],"coordinates":[[1590,38918]],"size":[1,1,84],"rotations":[0],"colors":[7039858,65536]},{"id":25160,"name":"Rock","type":10,"category":0,"actions":[],"coordinates":[[1596,38980],[1632,38928],[1668,38932],[1716,38932],[1760,38952]],"size":[2,2,58],"rotations":[0,0,0,0,0],"colors":[1473814,8494473,7638400,6518893,5732439]},{"id":11365,"name":"Iron rocks","type":10,"category":218,"actions":["Mine"],"coordinates":[[1598,38926]],"size":[1,1,89],"rotations":[0],"colors":[7039858,65536]},{"id":25158,"name":"Rock","type":10,"category":0,"actions":[],"coordinates":[[1604,38980],[1660,38924]],"size":[2,2,185],"rotations":[0,0],"colors":[6518893,7638400,8494473,1473814,5732439]},{"id":11370,"name":"Gold rocks","type":10,"category":199,"actions":["Mine"],"coordinates":[[1602,38922]],"size":[1,1,84],"rotations":[0],"colors":[7039858,65536]}]