[{"id":10832,"name":"Maple tree","type":10,"category":222,"actions":["Chop down"],"coordinates":[[1540,37108],[1556,37116],[1560,37084],[1572,37096],[1616,36968],[1624,36964]],"size":[2,2,310],"rotations":[0,0,0,0,0,0],"colors":[12600576,4224149]},{"id":47372,"name":"Redwood tree","type":10,"category":0,"actions":[],"coordinates":[[1556,37100],[1608,36984]],"size":[4,4,730],"rotations":[0,0],"colors":[6986441,5730471,6195637,6520509,3885937,6783941,4217177,5139565,5995902]},{"id":1289,"name":"Dead tree","type":10,"category":189,"actions":["Chop down"],"coordinates":[[1554,36970],[1558,36966],[1578,37054],[1586,37010],[1606,37022],[1618,36942],[1626,36958],[1694,37038],[1702,36978],[1722,36962]],"size":[1,1,289],"rotations":[0,0,0,0,0,0,0,0,0,0],"colors":[1068652,1071989]},{"id":1282,"name":"Dead tree","type":10,"category":189,"actions":["Chop down"],"coordinates":[[1580,37068],[1620,36952],[1628,37048]],"size":[2,2,510],"rotations":[0,0,0],"colors":[4214361,4020837]},{"id":407,"name":"Henge","type":10,"category":0,"actions":[],"coordinates":[[1698,37072],[1698,37060],[1710,37084],[1710,37044],[1722,37084],[1722,37044],[1738,37072],[1738,37060]],"size":[1,2,264],"rotations":[0,0,1,1,1,1,0,0],"colors":[6178560]},{"id":408,"name":"Henge","type":10,"category":0,"actions":[],"coordinates":[[1704,37080],[1704,37052],[1732,37080],[1732,37052]],"size":[2,2,264],"rotations":[0,0,0,0],"colors":[6178560]},{"id":55130,"name":"Rockslide","type":10,"category":0,"actions":[],"coordinates":[[1776,37116]],"size":[2,2,43],"rotations":[0],"colors":[5540258]},{"id":55131,"name":"Rockslide","type":10,"category":0,"actions":[],"coordinates":[[1776,37104]],"size":[2,2,43],"rotations":[0],"colors":[5540258]},{"id":55128,"name":"Rockslide","type":10,"category":0,"actions":[],"coordinates":[[1784,37108]],"size":[2,2,87],"rotations":[0],"colors":[5540258]}]