[{"id":1332,"name":"Tree","type":10,"category":189,"actions":["Chop down"],"coordinates":[[1798,34758],[1818,34734],[1970,34774],[1974,34734]],"size":[3,3,554],"rotations":[0,0,0,0],"colors":[4017253,4419840,16119027,16250613]},{"id":1330,"name":"Tree","type":10,"category":189,"actions":["Chop down"],"coordinates":[[1938,34738],[1978,34758]],"size":[3,3,520],"rotations":[0,0],"colors":[4017253,16119027,4419840]},{"id":1331,"name":"Tree","type":10,"category":189,"actions":["Chop down"],"coordinates":[[1942,34778],[1958,34726]],"size":[3,3,520],"rotations":[0,0],"colors":[16119027,4419840,4017253]}]