[{"id":54578,"name":"Ice chunks","type":10,"category":0,"actions":[],"coordinates":[[2200,11984],[2220,11808],[2280,11844],[2284,11936]],"size":[2,2,87],"rotations":[0,0,0,0],"colors":[15590885]},{"id":54581,"name":"Ice chunks","type":10,"category":0,"actions":[],"coordinates":[[2224,11816],[2256,11948]],"size":[2,2,43],"rotations":[0,0],"colors":[15590885]},{"id":11377,"name":"Runite rocks","type":10,"category":202,"actions":["Mine"],"coordinates":[[2230,11794]],"size":[1,1,89],"rotations":[0],"colors":[7039858,65536]},{"id":11376,"name":"Runite rocks","type":10,"category":202,"actions":["Mine"],"coordinates":[[2234,11790]],"size":[1,1,84],"rotations":[0],"colors":[7039858,65536]},{"id":54572,"name":"Ice chunks","type":10,"category":0,"actions":[],"coordinates":[[2248,11792],[2300,11828]],"size":[2,2,87],"rotations":[0,0],"colors":[15590885]},{"id":54579,"name":"Ice chunks","type":10,"category":0,"actions":[],"coordinates":[[2252,11956]],"size":[2,2,87],"rotations":[0],"colors":[15590885]},{"id":54574,"name":"Ice chunks","type":10,"category":0,"actions":[],"coordinates":[[2256,11792],[2304,11832]],"size":[2,2,43],"rotations":[0,0],"colors":[15590885]}]