[{"id":11435,"name":"Rockslide","type":10,"category":0,"actions":[],"coordinates":[[2052,37324],[2056,37308],[2068,37288]],"size":[2,2,43],"rotations":[0,0,0],"colors":[5540258]},{"id":11433,"name":"Rockslide","type":10,"category":0,"actions":[],"coordinates":[[2052,37316]],"size":[2,2,87],"rotations":[0],"colors":[5540258]},{"id":11434,"name":"Rockslide","type":10,"category":0,"actions":[],"coordinates":[[2052,37308],[2052,37288],[2060,37316],[2060,37296],[2060,37280]],"size":[2,2,43],"rotations":[0,0,0,0,0],"colors":[5540258]},{"id":11427,"name":"Rockslide","type":10,"category":0,"actions":[],"coordinates":[[2052,37184],[2060,37212],[2164,37260],[2256,37296],[2288,37308]],"size":[2,2,87],"rotations":[0,0,0,0,0],"colors":[5540258]},{"id":42390,"name":"Tree","type":10,"category":0,"actions":[],"coordinates":[[2052,37120],[2060,37164]],"size":[2,2,307],"rotations":[0,0],"colors":[1076076,2586745,65536]},{"id":11428,"name":"Rockslide","type":10,"category":0,"actions":[],"coordinates":[[2056,37256],[2056,37248],[2056,37204],[2056,37192],[2064,37256],[2064,37248],[2072,37260],[2072,37208],[2080,37216],[2120,37248],[2172,37256],[2264,37300],[2284,37300],[2296,37304]],"size":[2,2,43],"rotations":[0,0,0,0,0,0,0,0,0,0,0,0,0,0],"colors":[5540258]},{"id":1123,"name":"Bush","type":10,"category":0,"actions":[],"coordinates":[[2056,37124],[2088,37224],[2104,37244],[2116,37132],[2128,37208],[2132,37140],[2176,37220]],"size":[2,2,137],"rotations":[0,0,0,0,0,0,0],"colors":[4214361]},{"id":11432,"name":"Rockslide","type":10,"category":0,"actions":[],"coordinates":[[2060,37288]],"size":[2,2,87],"rotations":[0],"colors":[5540258]},{"id":42377,"name":"Pine tree","type":10,"category":0,"actions":[],"coordinates":[[2060,37232],[2100,37264],[2104,37288],[2128,37292],[2140,37272],[2168,37292],[2192,37300],[2200,37276],[2220,37288],[2232,37304],[2248,37344],[2248,37316],[2284,37372],[2288,37332],[2296,37328]],"size":[2,2,889],"rotations":[0,0,0,0,0,0,0,0,0,0,0,0,0,0,0],"colors":[4017253,5134957,5996140,6457461,7050368,7445894,7841166,8170901,7243953,5732263,4941456,6398905,4828333,4952198,4828583,6400697]},{"id":11431,"name":"Rockslide","type":10,"category":0,"actions":[],"coordinates":[[2060,37184],[2064,37204],[2072,37252],[2112,37248],[2128,37252],[2136,37248],[2164,37252],[2180,37260],[2212,37256],[2264,37292],[2272,37304]],"size":[2,2,43],"rotations":[0,0,0,0,0,0,0,0,0,0,0],"colors":[5540258]},{"id":42400,"name":"Plant","type":10,"category":0,"actions":[],"coordinates":[[2066,37234],[2162,37286],[2222,37302],[2242,37342]],"size":[1,1,133],"rotations":[0,0,0,0],"colors":[11185077,7039858,10000803,9145493,8684685,8158597]},{"id":11426,"name":"Rockslide","type":10,"category":0,"actions":[],"coordinates":[[2072,37216],[2120,37256],[2204,37260],[2280,37308]],"size":[2,2,87],"rotations":[0,0,0,0],"colors":[5540258]},{"id":55130,"name":"Rockslide","type":10,"category":0,"actions":[],"coordinates":[[2080,37176],[2080,37156],[2084,37164],[2088,37136],[2092,37164],[2096,37132],[2100,37124],[2112,37204],[2120,37212],[2120,37196],[2124,37192],[2124,37176],[2132,37180],[2160,37216],[2168,37224]],"size":[2,2,43],"rotations":[0,0,0,0,0,0,0,0,0,0,0,0,0,0,0],"colors":[5540258]},{"id":55131,"name":"Rockslide","type":10,"category":0,"actions":[],"coordinates":[[2088,37172],[2088,37156],[2100,37120],[2124,37144],[2124,37132],[2132,37200]],"size":[2,2,43],"rotations":[0,0,0,0,0,0],"colors":[5540258]},{"id":1285,"name":"Dead tree","type":10,"category":189,"actions":["Chop down"],"coordinates":[[2116,37140],[2164,37228]],"size":[2,2,510],"rotations":[0,0],"colors":[4214361,4020837]},{"id":55128,"name":"Rockslide","type":10,"category":0,"actions":[],"coordinates":[[2120,37204],[2168,37216]],"size":[2,2,87],"rotations":[0,0],"colors":[5540258]},{"id":55129,"name":"Rockslide","type":10,"category":0,"actions":[],"coordinates":[[2124,37184]],"size":[2,2,87],"rotations":[0],"colors":[5540258]},{"id":55310,"name":"Wreck","type":10,"category":0,"actions":[],"coordinates":[[2146,37148],[2194,37224]],"size":[1,2,185],"rotations":[1,2],"colors":[8097429,6454920]},{"id":24712,"name":"Broken cart wheel","type":10,"category":0,"actions":[],"coordinates":[[2150,37138],[2214,37178]],"size":[1,1,24],"rotations":[0,0],"colors":[2130612,9145493]},{"id":55308,"name":"Wreck","type":10,"category":0,"actions":[],"coordinates":[[2156,37132],[2196,37204]],"size":[2,2,188],"rotations":[0,0],"colors":[8097429,6454920]},{"id":11923,"name":"Rockslide","type":10,"category":0,"actions":[],"coordinates":[[2160,37352]],"size":[2,2,43],"rotations":[0],"colors":[5540258]},{"id":11921,"name":"Rockslide","type":10,"category":0,"actions":[],"coordinates":[[2168,37348]],"size":[2,2,87],"rotations":[0],"colors":[5540258]},{"id":11922,"name":"Rockslide","type":10,"category":0,"actions":[],"coordinates":[[2172,37356]],"size":[2,2,43],"rotations":[0],"colors":[5540258]},{"id":4352,"name":"Bowl","type":22,"category":0,"actions":[],"coordinates":[[2170,37174],[2222,37234]],"size":[1,1,33],"rotations":[0,0],"colors":[2334409,2134713,9145493,12040385]},{"id":55307,"name":"Wreck","type":11,"category":0,"actions":[],"coordinates":[[2170,37166],[2182,37130],[2202,37202],[2210,37182],[2210,37162]],"size":[1,1,18],"rotations":[0,0,0,0,0],"colors":[6454920,8097429]},{"id":55309,"name":"Wreck","type":10,"category":0,"actions":[],"coordinates":[[2176,37144],[2216,37216]],"size":[2,2,44],"rotations":[0,0],"colors":[6454920,8097429]},{"id":54276,"name":"Boat","type":10,"category":0,"actions":[],"coordinates":[[2178,37132],[2230,37204]],"size":[3,2,122],"rotations":[0,0],"colors":[8169673,6724545,6453128,5992062,4941176,3889777]},{"id":25158,"name":"Rock","type":10,"category":0,"actions":[],"coordinates":[[2176,37120],[2220,37140],[2244,37172],[2268,37224]],"size":[2,2,185],"rotations":[0,0,0,0],"colors":[6518893,7638400,8494473,1473814,5732439]},{"id":55050,"name":"Barrel","type":10,"category":0,"actions":[],"coordinates":[[2178,37178]],"size":[1,1,100],"rotations":[0],"colors":[7761518,8288119,9011328,5727096,5134957,4017253]},{"id":1338,"name":"Hollow log","type":11,"category":0,"actions":[],"coordinates":[[2178,37170]],"size":[1,1,71],"rotations":[0],"colors":[7904193,8430796]},{"id":55099,"name":"Campfire","type":10,"category":0,"actions":["Inspect"],"coordinates":[[2182,37174]],"size":[1,1,113],"rotations":[0],"colors":[9232892,3000059,2992123,7045505,7042945,7635341,3889777]},{"id":1334,"name":"Hollow log","type":10,"category":0,"actions":[],"coordinates":[[2190,37178],[2214,37174]],"size":[3,1,84],"rotations":[1,2],"colors":[7904193,8430796]},{"id":25159,"name":"Rock","type":10,"category":0,"actions":[],"coordinates":[[2186,37122],[2218,37130],[2230,37146],[2242,37206],[2250,37166],[2258,37222],[2266,37198],[2286,37242]],"size":[1,1,34],"rotations":[0,0,0,0,0,0,0,0],"colors":[5732439,8494473,7638400,6518893]},{"id":18460,"name":"Broken boat","type":10,"category":0,"actions":[],"coordinates":[[2200,37150],[2264,37238]],"size":[2,3,128],"rotations":[3,3],"colors":[3766153,2583936,5997972,7640481]},{"id":14174,"name":"Driftwood","type":10,"category":0,"actions":[],"coordinates":[[2204,37136],[2248,37216]],"size":[2,2,19],"rotations":[0,0],"colors":[8169673,6453128,4941176,5992062,15262429]},{"id":5495,"name":"Bed","type":10,"category":0,"actions":[],"coordinates":[[2212,37322]],"size":[2,3,23],"rotations":[3],"colors":[11719642,15856115,14212317,2578816]},{"id":25160,"name":"Rock","type":10,"category":0,"actions":[],"coordinates":[[2212,37144],[2252,37176],[2264,37216]],"size":[2,2,58],"rotations":[0,0,0],"colors":[1473814,8494473,7638400,6518893,5732439]},{"id":23062,"name":"Tent","type":11,"category":0,"actions":[],"coordinates":[[2226,37338]],"size":[3,3,175],"rotations":[0],"colors":[10927559,11388363,9550794,9287107,4815242,9089472,6523808,8759992,8562613,8167597,7838117,7442845,12308179,11848399]},{"id":23065,"name":"Stool","type":10,"category":0,"actions":[],"coordinates":[[2230,37326],[2238,37330]],"size":[1,1,72],"rotations":[0,0],"colors":[6990537,2582393]},{"id":52425,"name":"Barrel","type":11,"category":0,"actions":[],"coordinates":[[2234,37338],[2258,37326]],"size":[1,1,100],"rotations":[0,0],"colors":[7761518,8288119,9011328,5727096,5134957,4017253]},{"id":3769,"name":"Fire","type":10,"category":152,"actions":[],"coordinates":[[2236,37324]],"size":[2,2,195],"rotations":[0],"colors":[2992123,2589920,2320590,3000059,3003643,7045505,7042945,7635341,3889777]},{"id":52431,"name":"Crate","type":10,"category":0,"actions":[],"coordinates":[[2238,37338],[2254,37326]],"size":[1,1,91],"rotations":[0,0],"colors":[4288637,6523808,8034473,7639457,5996692,2579065]},{"id":42399,"name":"Plant","type":10,"category":0,"actions":[],"coordinates":[[2240,37312],[2304,37328]],"size":[2,2,143],"rotations":[0,0],"colors":[9145493,8684685,8158597,11185077,10000803]},{"id":52432,"name":"Crates","type":10,"category":0,"actions":[],"coordinates":[[2250,37322]],"size":[1,1,180],"rotations":[0],"colors":[4288637,6523808,8034473,7639457,5996692,2579065]},{"id":5578,"name":"Cart","type":10,"category":0,"actions":[],"coordinates":[[2256,37318]],"size":[2,3,188],"rotations":[3],"colors":[3766153,5997972,8158597,3766153,6516344,12700887,12306387]},{"id":55311,"name":"Wreck","type":10,"category":0,"actions":[],"coordinates":[[2288,37252]],"size":[2,2,185],"rotations":[0],"colors":[6454920,8097429]}]