[{"id":30196,"name":"Chain","type":11,"category":0,"actions":[],"coordinates":[[2390,10678],[2398,10654],[2406,10666]],"size":[1,1,28],"rotations":[0,0,0],"colors":[8096149]},{"id":27223,"name":"Crate","type":11,"category":0,"actions":[],"coordinates":[[2390,10670],[2402,10650],[2406,10674]],"size":[1,1,91],"rotations":[0,0,0],"colors":[4288637,6523808,8034473,7639457,5996692,2579065]},{"id":11589,"name":"Barrel","type":10,"category":0,"actions":[],"coordinates":[[2390,10666],[2406,10654]],"size":[1,1,99],"rotations":[0,0],"colors":[7635341,6720164,5538466,5142421,2579065,9146517,4026512]},{"id":653,"name":"null","type":22,"category":1684,"actions":[],"coordinates":[[2390,10662],[2406,10670]],"size":[1,1,2],"rotations":[0,0],"colors":[1451916]},{"id":25785,"name":"Rack","type":10,"category":0,"actions":[],"coordinates":[[2392,10654]],"size":[2,3,147],"rotations":[0],"colors":[6525088,5997972,8423817,8949904,7640481,5140094]},{"id":652,"name":"null","type":22,"category":1684,"actions":[],"coordinates":[[2394,10674],[2402,10654]],"size":[1,1,2],"rotations":[0,0],"colors":[1451916]},{"id":17385,"name":"Ladder","type":10,"category":0,"actions":["Climb-up"],"coordinates":[[2398,10702]],"size":[1,1,264],"rotations":[0],"colors":[4290715,2130612,4936448,16711422]},{"id":11783,"name":"Door","type":0,"category":167,"actions":["Open"],"coordinates":[[2398,10686]],"size":[1,1,242],"rotations":[0],"colors":[5863311,4285821]},{"id":654,"name":"null","type":22,"category":1684,"actions":[],"coordinates":[[2398,10666]],"size":[1,1,2],"rotations":[0],"colors":[1451916]},{"id":27224,"name":"Crates","type":10,"category":0,"actions":[],"coordinates":[[2406,10650]],"size":[1,1,180],"rotations":[0],"colors":[4288637,6523808,8034473,7639457,5996692,2579065]}]