[{"id":12589,"name":"Rock","type":10,"category":0,"actions":[],"coordinates":[[2474,11290],[2498,11310]],"size":[1,1,56],"rotations":[0,0],"colors":[11185077,15592170,11185077,15592170]},{"id":12590,"name":"Rocks","type":10,"category":0,"actions":[],"coordinates":[[2484,11300],[2492,11272]],"size":[2,2,17],"rotations":[0,0],"colors":[11185077,15592170]},{"id":12588,"name":"Rock","type":10,"category":0,"actions":[],"coordinates":[[2496,11324]],"size":[2,2,56],"rotations":[0],"colors":[11185077,15592170,11185077,15592170]}]