[{"id":12588,"name":"Rock","type":10,"category":0,"actions":[],"coordinates":[[2488,11248]],"size":[2,2,56],"rotations":[0],"colors":[11185077,15592170,11185077,15592170]},{"id":12589,"name":"Rock","type":10,"category":0,"actions":[],"coordinates":[[2490,11238],[2510,11230],[2542,11174]],"size":[1,1,56],"rotations":[0,0,0],"colors":[11185077,15592170,11185077,15592170]},{"id":31691,"name":"Sand pile","type":10,"category":0,"actions":["Climb"],"coordinates":[[2490,11032]],"size":[1,2,192],"rotations":[1],"colors":[1800346]},{"id":12590,"name":"Rocks","type":10,"category":0,"actions":[],"coordinates":[[2528,11196]],"size":[2,2,17],"rotations":[0],"colors":[11185077,15592170]},{"id":6298,"name":"Skeleton","type":10,"category":0,"actions":[],"coordinates":[[2546,11050]],"size":[1,1,99],"rotations":[0],"colors":[14474976]}]