[{"id":31478,"name":"null","type":10,"category":1164,"actions":[],"coordinates":[[2334,30626]],"size":[3,3,0],"rotations":[0],"colors":[]},{"id":31476,"name":"null","type":10,"category":1164,"actions":[],"coordinates":[[2332,30594]],"size":[2,7,0],"rotations":[0],"colors":[]},{"id":31467,"name":"null","type":10,"category":1164,"actions":[],"coordinates":[[2334,30562]],"size":[3,3,0],"rotations":[0],"colors":[]},{"id":31477,"name":"null","type":10,"category":1164,"actions":[],"coordinates":[[2340,30594]],"size":[2,7,0],"rotations":[2],"colors":[]},{"id":31466,"name":"null","type":10,"category":1164,"actions":[],"coordinates":[[2350,30526]],"size":[3,3,0],"rotations":[0],"colors":[]},{"id":31471,"name":"null","type":10,"category":1164,"actions":[],"coordinates":[[2354,30500]],"size":[5,4,0],"rotations":[3],"colors":[]},{"id":31460,"name":"null","type":10,"category":1164,"actions":[],"coordinates":[[2352,30628]],"size":[2,2,0],"rotations":[0],"colors":[]},{"id":31458,"name":"null","type":10,"category":1164,"actions":[],"coordinates":[[2352,30560]],"size":[2,2,0],"rotations":[0],"colors":[]},{"id":31449,"name":"null","type":10,"category":1164,"actions":[],"coordinates":[[2362,30606]],"size":[3,3,0],"rotations":[0],"colors":[]},{"id":31448,"name":"null","type":10,"category":1164,"actions":[],"coordinates":[[2362,30582]],"size":[3,3,0],"rotations":[0],"colors":[]},{"id":31461,"name":"null","type":10,"category":1164,"actions":[],"coordinates":[[2372,30628]],"size":[2,2,0],"rotations":[0],"colors":[]},{"id":31459,"name":"null","type":10,"category":1164,"actions":[],"coordinates":[[2372,30560]],"size":[2,2,0],"rotations":[0],"colors":[]},{"id":31446,"name":"null","type":10,"category":1164,"actions":[],"coordinates":[[2386,30516]],"size":[3,4,0],"rotations":[0],"colors":[]},{"id":31444,"name":"null","type":10,"category":1164,"actions":[],"coordinates":[[2392,30516]],"size":[6,4,0],"rotations":[0],"colors":[]},{"id":31456,"name":"null","type":10,"category":1164,"actions":[],"coordinates":[[2384,30492]],"size":[2,2,0],"rotations":[0],"colors":[]},{"id":31299,"name":"Viewer","type":10,"category":0,"actions":["View"],"coordinates":[[2394,30542],[2466,30542]],"size":[1,1,118],"rotations":[0,0],"colors":[7247281,8434380,65536]},{"id":31445,"name":"null","type":10,"category":1164,"actions":[],"coordinates":[[2400,30516]],"size":[2,2,0],"rotations":[0],"colors":[]},{"id":31464,"name":"null","type":10,"category":1164,"actions":[],"coordinates":[[2406,30492]],"size":[3,2,0],"rotations":[2],"colors":[]},{"id":31447,"name":"null","type":10,"category":1164,"actions":[],"coordinates":[[2410,30546]],"size":[3,3,0],"rotations":[0],"colors":[]},{"id":31442,"name":"null","type":10,"category":1164,"actions":[],"coordinates":[[2416,30516]],"size":[6,6,0],"rotations":[0],"colors":[]},{"id":31443,"name":"null","type":10,"category":1164,"actions":[],"coordinates":[[2416,30516]],"size":[2,2,0],"rotations":[0],"colors":[]},{"id":30987,"name":"Fossil Storage","type":10,"category":1161,"actions":["Open"],"coordinates":[[2422,30598]],"size":[1,1,133],"rotations":[0],"colors":[6453128,5992062,8096149,4941176,4214361,65536,11652552,10732991,12046796,11192771,9877169]},{"id":24427,"name":"Stairs","type":10,"category":0,"actions":["Walk-up"],"coordinates":[[2430,30594]],"size":[3,3,376],"rotations":[0],"colors":[11578020,10196626,9801867,11578020,9801867,10196626]},{"id":31454,"name":"null","type":10,"category":1164,"actions":[],"coordinates":[[2428,30492]],"size":[2,2,0],"rotations":[0],"colors":[]},{"id":31440,"name":"null","type":10,"category":1164,"actions":[],"coordinates":[[2440,30516]],"size":[6,6,0],"rotations":[0],"colors":[]},{"id":31441,"name":"null","type":10,"category":1164,"actions":[],"coordinates":[[2440,30516]],"size":[2,2,0],"rotations":[0],"colors":[]},{"id":31474,"name":"null","type":10,"category":1164,"actions":[],"coordinates":[[2450,30546]],"size":[3,3,0],"rotations":[0],"colors":[]},{"id":31452,"name":"null","type":10,"category":1164,"actions":[],"coordinates":[[2450,30492]],"size":[3,2,0],"rotations":[0],"colors":[]},{"id":31438,"name":"null","type":10,"category":1164,"actions":[],"coordinates":[[2464,30516]],"size":[6,4,0],"rotations":[0],"colors":[]},{"id":31439,"name":"null","type":10,"category":1164,"actions":[],"coordinates":[[2464,30516]],"size":[2,2,0],"rotations":[0],"colors":[]},{"id":31453,"name":"null","type":10,"category":1164,"actions":[],"coordinates":[[2472,30492]],"size":[2,2,0],"rotations":[0],"colors":[]},{"id":31457,"name":"null","type":10,"category":1164,"actions":[],"coordinates":[[2488,30628]],"size":[2,2,0],"rotations":[0],"colors":[]},{"id":31462,"name":"null","type":10,"category":1164,"actions":[],"coordinates":[[2488,30560]],"size":[2,2,0],"rotations":[0],"colors":[]},{"id":31455,"name":"null","type":10,"category":1164,"actions":[],"coordinates":[[2488,30528]],"size":[2,2,0],"rotations":[0],"colors":[]},{"id":31475,"name":"null","type":10,"category":1164,"actions":[],"coordinates":[[2498,30606]],"size":[3,3,0],"rotations":[0],"colors":[]},{"id":31473,"name":"null","type":10,"category":1164,"actions":[],"coordinates":[[2498,30582]],"size":[3,3,0],"rotations":[0],"colors":[]},{"id":31472,"name":"null","type":10,"category":1164,"actions":[],"coordinates":[[2510,30500]],"size":[5,4,0],"rotations":[3],"colors":[]},{"id":31465,"name":"null","type":10,"category":1164,"actions":[],"coordinates":[[2508,30628]],"size":[2,2,0],"rotations":[0],"colors":[]},{"id":31463,"name":"null","type":10,"category":1164,"actions":[],"coordinates":[[2508,30560]],"size":[2,2,0],"rotations":[0],"colors":[]},{"id":31468,"name":"null","type":10,"category":1164,"actions":[],"coordinates":[[2510,30526]],"size":[3,3,0],"rotations":[0],"colors":[]},{"id":31451,"name":"null","type":10,"category":1164,"actions":[],"coordinates":[[2526,30626]],"size":[3,3,0],"rotations":[0],"colors":[]},{"id":31470,"name":"null","type":10,"category":1164,"actions":[],"coordinates":[[2526,30606]],"size":[3,3,0],"rotations":[0],"colors":[]},{"id":31469,"name":"null","type":10,"category":1164,"actions":[],"coordinates":[[2526,30582]],"size":[3,3,0],"rotations":[0],"colors":[]},{"id":31450,"name":"null","type":10,"category":1164,"actions":[],"coordinates":[[2526,30562]],"size":[3,3,0],"rotations":[0],"colors":[]}]