[{"id":11193,"name":"Rockslide","type":10,"category":0,"actions":[],"coordinates":[[2456,25996],[2484,26028],[2504,26060],[2508,25936],[2512,25968],[2520,26064],[2520,25904],[2524,25936],[2528,26084],[2528,26068],[2528,25868],[2548,25888]],"size":[2,2,43],"rotations":[0,0,0,0,0,0,0,0,0,0,0,0],"colors":[5540258]},{"id":11192,"name":"Rockslide","type":10,"category":0,"actions":[],"coordinates":[[2480,25996],[2508,25956],[2516,25944],[2516,25928],[2524,25976],[2524,25944],[2524,25928]],"size":[2,2,43],"rotations":[0,0,0,0,0,0,0],"colors":[5540258]},{"id":11190,"name":"Rockslide","type":10,"category":0,"actions":[],"coordinates":[[2516,25976],[2520,26072]],"size":[2,2,87],"rotations":[0,0],"colors":[5540258]},{"id":11191,"name":"Rockslide","type":10,"category":0,"actions":[],"coordinates":[[2516,25936],[2520,25968],[2528,26076],[2528,25860]],"size":[2,2,87],"rotations":[0,0,0,0],"colors":[5540258]},{"id":37970,"name":"Oak tree","type":10,"category":0,"actions":[],"coordinates":[[2542,26106],[2546,26090],[2546,25982]],"size":[3,3,435],"rotations":[0,0,0],"colors":[4017253,4419840]},{"id":37966,"name":"Tree","type":10,"category":0,"actions":[],"coordinates":[[2556,26092]],"size":[2,2,290],"rotations":[0],"colors":[4017253,4419840]},{"id":1394,"name":"Plant","type":10,"category":0,"actions":[],"coordinates":[[2560,26108]],"size":[2,2,142],"rotations":[0],"colors":[9145493,11185077,10000803]},{"id":37974,"name":"Tree","type":10,"category":0,"actions":[],"coordinates":[[2560,26080]],"size":[2,2,289],"rotations":[0],"colors":[1068652,1071989]}]