[{"id":12590,"name":"Rocks","type":10,"category":0,"actions":[],"coordinates":[[2572,11168],[2700,11200]],"size":[2,2,17],"rotations":[0,0],"colors":[11185077,15592170]},{"id":31692,"name":"Tunnel entrance","type":10,"category":0,"actions":["Climb-down"],"coordinates":[[2592,11232]],"size":[2,2,122],"rotations":[0],"colors":[11393507,11132129,10212062,8174537,6136752,1475475,65536,1073781,1470596,7566202]},{"id":12589,"name":"Rock","type":10,"category":0,"actions":[],"coordinates":[[2606,11162],[2654,11190],[2670,11186],[2718,11258],[2718,11218]],"size":[1,1,56],"rotations":[0,0,0,0,0],"colors":[11185077,15592170,11185077,15592170]},{"id":12588,"name":"Rock","type":10,"category":0,"actions":[],"coordinates":[[2636,11172]],"size":[2,2,56],"rotations":[0],"colors":[11185077,15592170,11185077,15592170]},{"id":31697,"name":"Rocks","type":10,"category":0,"actions":["Climb"],"coordinates":[[2658,11226]],"size":[1,1,87],"rotations":[0],"colors":[5540258]},{"id":31699,"name":"Stepping stone","type":22,"category":0,"actions":["Cross"],"coordinates":[[2722,11230],[2730,11230]],"size":[1,1,154],"rotations":[0,0],"colors":[1071980,1068642,2582393,15592682,65536]},{"id":6299,"name":"Skeleton","type":10,"category":0,"actions":[],"coordinates":[[2728,11054]],"size":[2,1,56],"rotations":[3],"colors":[14474976,11185077]},{"id":31696,"name":"Crevice","type":0,"category":0,"actions":["Enter"],"coordinates":[[2750,11146]],"size":[1,1,240],"rotations":[0],"colors":[65536,5540258,4028048,4028048,65536,5540258]},{"id":31695,"name":"Crevice","type":0,"category":0,"actions":["Enter"],"coordinates":[[2750,11138]],"size":[1,1,240],"rotations":[0],"colors":[65536,5540258,4028048,4028048,65536,5540258]},{"id":6297,"name":"Skeleton","type":10,"category":0,"actions":[],"coordinates":[[2770,11186]],"size":[1,1,67],"rotations":[0],"colors":[14474976]}]