[{"id":32304,"name":"Mast","type":10,"category":0,"actions":[],"coordinates":[[2650,27994],[2738,28054]],"size":[1,1,320],"rotations":[0,0],"colors":[5992062,7831166,6453128,5664393,8423817]},{"id":245,"name":"Ship's ladder","type":10,"category":0,"actions":["Climb-up"],"coordinates":[[2678,28118],[2694,28118]],"size":[1,1,80],"rotations":[0,0],"colors":[5671297]},{"id":9534,"name":"Crate","type":10,"category":209,"actions":["Search"],"coordinates":[[2682,28134]],"size":[1,1,88],"rotations":[0],"colors":[3764617,8034473,6523808,11185077,4946320,7639457,5996692]},{"id":9521,"name":"Barrel","type":10,"category":0,"actions":[],"coordinates":[[2682,28114]],"size":[1,1,99],"rotations":[0],"colors":[7635341,6720164,5538466,5142421,2579065,9146517,4026512,8491165,9346732,10926023]},{"id":9519,"name":"Barrel","type":10,"category":0,"actions":[],"coordinates":[[2682,28086],[2682,28082],[2690,28134],[2690,28130],[2690,28090]],"size":[1,1,99],"rotations":[0,0,0,0,0],"colors":[7635341,6720164,5538466,5142421,2579065,9146517,4026512]},{"id":9535,"name":"Crates","type":10,"category":209,"actions":["Search"],"coordinates":[[2686,28110]],"size":[1,1,178],"rotations":[0],"colors":[3764617,8034473,6523808,11185077,4946320,7639457,5996692]},{"id":272,"name":"Ship's ladder","type":10,"category":0,"actions":["Climb-up"],"coordinates":[[2686,28094]],"size":[1,1,232],"rotations":[0],"colors":[5671297,7248018]},{"id":273,"name":"Ship's ladder","type":10,"category":0,"actions":["Climb-down"],"coordinates":[[2686,28094]],"size":[1,1,36],"rotations":[0],"colors":[4028272,7248018,5671297]},{"id":260,"name":"Figurehead","type":10,"category":0,"actions":[],"coordinates":[[2688,28070]],"size":[2,1,240],"rotations":[1],"colors":[4028272,5671297,5338522,1073754,11186357]}]