[{"id":11193,"name":"Rockslide","type":10,"category":0,"actions":[],"coordinates":[[2564,26216],[2580,26200],[2608,26180],[2616,26172],[2620,26188],[2628,26180],[2636,26188],[2676,26148],[2688,26140],[2772,26156]],"size":[2,2,43],"rotations":[0,0,0,0,0,0,0,0,0,0],"colors":[5540258]},{"id":11192,"name":"Rockslide","type":10,"category":0,"actions":[],"coordinates":[[2564,26208],[2572,26216],[2572,26200],[2580,26208],[2656,26156],[2672,26140],[2764,26148],[2784,26136],[2792,26144],[2792,26128],[2800,26136]],"size":[2,2,43],"rotations":[0,0,0,0,0,0,0,0,0,0,0],"colors":[5540258]},{"id":37974,"name":"Tree","type":10,"category":0,"actions":[],"coordinates":[[2564,26112]],"size":[2,2,289],"rotations":[0],"colors":[1068652,1071989]},{"id":1394,"name":"Plant","type":10,"category":0,"actions":[],"coordinates":[[2568,26132],[2568,26112],[2592,26140]],"size":[2,2,142],"rotations":[0,0,0],"colors":[9145493,11185077,10000803]},{"id":11190,"name":"Rockslide","type":10,"category":0,"actions":[],"coordinates":[[2572,26208],[2616,26180],[2664,26156],[2680,26140],[2760,26200],[2772,26148]],"size":[2,2,87],"rotations":[0,0,0,0,0,0],"colors":[5540258]},{"id":11191,"name":"Rockslide","type":10,"category":0,"actions":[],"coordinates":[[2628,26188],[2792,26136]],"size":[2,2,87],"rotations":[0,0],"colors":[5540258]},{"id":37970,"name":"Oak tree","type":10,"category":0,"actions":[],"coordinates":[[2650,26138],[2666,26126],[2674,26118]],"size":[3,3,435],"rotations":[0,0,0],"colors":[4017253,4419840]},{"id":37966,"name":"Tree","type":10,"category":0,"actions":[],"coordinates":[[2724,26112]],"size":[2,2,290],"rotations":[0],"colors":[4017253,4419840]}]