[{"id":32212,"name":"Rough hewn steps","type":10,"category":0,"actions":["Climb-up"],"coordinates":[[2884,29136]],"size":[2,2,239],"rotations":[0],"colors":[7894883,7171162,9276532,8487019,5262890,65536]},{"id":25277,"name":"Mighty torrent","type":10,"category":0,"actions":[],"coordinates":[[2954,28950],[2966,28950]],"size":[1,1,240],"rotations":[0,0],"colors":[10189104,10518851,13221034,11571805]},{"id":25276,"name":"Mighty torrent","type":10,"category":0,"actions":[],"coordinates":[[2962,28946]],"size":[1,1,240],"rotations":[0],"colors":[10189104,10518851,13221034,11571805]},{"id":25336,"name":"Stairs","type":10,"category":638,"actions":["Climb-up"],"coordinates":[[2988,28968]],"size":[2,2,239],"rotations":[0],"colors":[7894883,7171162,9276532,8487019,5262890,65536]},{"id":25339,"name":"Stairs","type":10,"category":638,"actions":["Climb-up"],"coordinates":[[3018,29052]],"size":[1,2,239],"rotations":[0],"colors":[9276532,7894883,8487019,7171162,65536]}]