[{"id":51762,"name":"Tree","type":10,"category":189,"actions":["Chop down"],"coordinates":[[3332,38012],[3336,38020],[3336,37964],[3340,37984]],"size":[2,2,363],"rotations":[0,0,0,0],"colors":[9145493,11185077,10000803]},{"id":51872,"name":"Cave","type":10,"category":0,"actions":["Enter"],"coordinates":[[3358,38010]],"size":[5,3,335],"rotations":[3],"colors":[8690593,9348780,7048596,9875638,2972269,1054297,65536]},{"id":52488,"name":"Brazier","type":10,"category":0,"actions":[],"coordinates":[[3354,38018],[3354,37990]],"size":[1,1,173],"rotations":[0,0],"colors":[8810606,8152935,9533559,5723997,5917543]},{"id":51758,"name":"Landing Spot","type":10,"category":0,"actions":[],"coordinates":[[3388,38002]],"size":[2,3,103],"rotations":[3],"colors":[7116461,4246631,8759992,7909313,10205497]}]