[{"id":653,"name":"null","type":22,"category":1684,"actions":[],"coordinates":[[3586,31882],[3590,31910],[3606,31878],[3626,31870]],"size":[1,1,2],"rotations":[0,0,0,0],"colors":[1451916]},{"id":9766,"name":"Slave","type":10,"category":0,"actions":["Search"],"coordinates":[[3586,31876],[3594,31908],[3630,31872]],"size":[1,2,28],"rotations":[3,2,0],"colors":[9877468,2972269,1055596,5917543]},{"id":8828,"name":"Rocks","type":10,"category":0,"actions":[],"coordinates":[[3590,31914],[3674,31894],[3714,31838],[3726,31830],[3734,31810],[3746,31838],[3750,31822],[3754,31834],[3754,31814]],"size":[1,1,84],"rotations":[0,0,0,0,0,0,0,0,0],"colors":[7039858,65536]},{"id":652,"name":"null","type":22,"category":1684,"actions":[],"coordinates":[[3602,31898]],"size":[1,1,2],"rotations":[0],"colors":[1451916]},{"id":9764,"name":"Guard","type":10,"category":0,"actions":["Search"],"coordinates":[[3602,31872]],"size":[1,2,45],"rotations":[2],"colors":[65536,1464957,1471635,11185077,1803936,5723997]},{"id":9765,"name":"Guard","type":10,"category":0,"actions":["Search"],"coordinates":[[3606,31896]],"size":[1,2,45],"rotations":[0],"colors":[65536,1464957,1471635,11185077,1803936,5723997,8561589,7769446,15987441]},{"id":34963,"name":"Guard","type":10,"category":0,"actions":["Search"],"coordinates":[[3606,31862]],"size":[1,1,107],"rotations":[0],"colors":[65536,1464957,1471635,11185077,1803936,5723997]},{"id":9767,"name":"Slave","type":10,"category":0,"actions":["Search"],"coordinates":[[3610,31892]],"size":[1,2,60],"rotations":[0],"colors":[65536,9877468,2972269,4020855]},{"id":654,"name":"null","type":22,"category":1684,"actions":[],"coordinates":[[3614,31890]],"size":[1,1,2],"rotations":[0],"colors":[1451916]},{"id":8830,"name":"Rocks","type":10,"category":0,"actions":[],"coordinates":[[3710,31818],[3722,31822],[3734,31814],[3742,31838],[3742,31814],[3750,31830],[3754,31830]],"size":[1,1,135],"rotations":[0,0,0,0,0,0,0],"colors":[7039858]},{"id":8829,"name":"Rocks","type":10,"category":0,"actions":[],"coordinates":[[3718,31814],[3730,31818],[3734,31834],[3742,31826]],"size":[1,1,89],"rotations":[0,0,0,0],"colors":[7039858,65536]}]