[{"id":7044,"name":"Buffers","type":10,"category":0,"actions":[],"coordinates":[[3870,31854],[3930,31978],[3966,31906],[3966,31862],[3990,31954],[4030,31886]],"size":[1,1,104],"rotations":[0,0,0,0,0,0],"colors":[11185077,1796768]},{"id":8831,"name":"Mine cart","type":10,"category":0,"actions":[],"coordinates":[[3874,31854],[3930,31974],[3954,31870],[3962,31910],[3970,31862],[4050,31878]],"size":[1,1,104],"rotations":[0,0,0,0,0,0],"colors":[6381927,9145493,7566202]},{"id":11377,"name":"Runite rocks","type":10,"category":202,"actions":["Mine"],"coordinates":[[3878,31774]],"size":[1,1,89],"rotations":[0],"colors":[7039858,65536]},{"id":11190,"name":"Rockslide","type":10,"category":0,"actions":[],"coordinates":[[3892,31988],[3944,31860],[3960,31872],[3972,31904],[3972,31840]],"size":[2,2,87],"rotations":[0,0,0,0,0],"colors":[5540258]},{"id":8830,"name":"Rocks","type":10,"category":0,"actions":[],"coordinates":[[3894,31862],[3926,31806],[3926,31794],[3938,31810],[3946,31818],[3946,31798],[3946,31794],[3950,31802],[3966,31798],[4018,31978]],"size":[1,1,135],"rotations":[0,0,0,0,0,0,0,0,0,0],"colors":[7039858]},{"id":11191,"name":"Rockslide","type":10,"category":0,"actions":[],"coordinates":[[3904,31968],[3920,31860],[3960,31864]],"size":[2,2,87],"rotations":[0,0,0],"colors":[5540258]},{"id":11192,"name":"Rockslide","type":10,"category":0,"actions":[],"coordinates":[[3908,31992],[3936,31868],[3936,31860],[3948,31868],[3984,31968]],"size":[2,2,43],"rotations":[0,0,0,0,0],"colors":[5540258]},{"id":8829,"name":"Rocks","type":10,"category":0,"actions":[],"coordinates":[[3914,31822],[3918,31982],[3938,31818],[3942,31798],[3950,31798],[3954,31802],[3966,31962],[3970,31854],[4002,31938]],"size":[1,1,89],"rotations":[0,0,0,0,0,0,0,0,0],"colors":[7039858,65536]},{"id":8828,"name":"Rocks","type":10,"category":0,"actions":[],"coordinates":[[3918,31814],[3934,31814],[3946,31802],[3954,31806],[3962,31794]],"size":[1,1,84],"rotations":[0,0,0,0,0],"colors":[7039858,65536]},{"id":11193,"name":"Rockslide","type":10,"category":0,"actions":[],"coordinates":[[3928,31860],[3932,31888],[3968,31868],[4024,31892]],"size":[2,2,43],"rotations":[0,0,0,0],"colors":[5540258]},{"id":6299,"name":"Skeleton","type":10,"category":0,"actions":[],"coordinates":[[3968,31802]],"size":[2,1,56],"rotations":[2],"colors":[14474976,11185077]},{"id":26577,"name":"Fire","type":10,"category":1753,"actions":[],"coordinates":[[4004,31988]],"size":[2,2,144],"rotations":[0],"colors":[4999936,3613646,9145493,9472136,2794485,8949904,8684685,9474184,9410703,8686989,3764617,1471635,11185077,7834257,10790320,10585476,10461097,8036037,10458774,10000803]},{"id":8789,"name":"Door","type":0,"category":167,"actions":["Open"],"coordinates":[[4042,31886]],"size":[1,1,240],"rotations":[0],"colors":[3640494,1800346,4020837,6516344,3309728,1469331,3640494,1800346,4020837,6516344,3309728,1469331]},{"id":849,"name":"Spear wall","type":10,"category":0,"actions":[],"coordinates":[[4046,31894],[4050,31894]],"size":[1,1,205],"rotations":[0,0],"colors":[11185077,2969197,2778759,3175579,2133684]},{"id":8817,"name":"Bed","type":10,"category":0,"actions":[],"coordinates":[[4046,31868],[4062,31868]],"size":[1,2,170],"rotations":[2,2],"colors":[12366514,10073017,9149864,2582393,6990537,1473932]},{"id":1535,"name":"Door","type":0,"category":0,"actions":["Open"],"coordinates":[[4046,31846],[4058,31846],[4070,31846],[4074,31854]],"size":[1,1,240],"rotations":[0,0,0,0],"colors":[3640494,1800346,4020837,6516344,3309728,1469331,3640494,1800346,4020837,6516344,3309728,1469331]},{"id":11737,"name":"Chest","type":10,"category":0,"actions":["Open","Search for traps"],"coordinates":[[4046,31834]],"size":[1,1,128],"rotations":[0],"colors":[2144441,9145493,13254912]},{"id":8814,"name":"Bed","type":10,"category":0,"actions":[],"coordinates":[[4046,31828],[4058,31828]],"size":[1,2,96],"rotations":[0,0],"colors":[1795482,2582393,6990537,9149864,10073017]},{"id":1102,"name":"Stool","type":11,"category":0,"actions":[],"coordinates":[[4050,31858],[4050,31826],[4054,31858],[4054,31850],[4054,31826],[4062,31858],[4062,31850],[4066,31826]],"size":[1,1,64],"rotations":[0,0,0,0,0,0,0,0],"colors":[2579065]},{"id":595,"name":"Table","type":10,"category":156,"actions":[],"coordinates":[[4052,31854],[4064,31854],[4072,31914]],"size":[2,1,89],"rotations":[0,0,3],"colors":[5538466,5863311,4812426]},{"id":8788,"name":"Door","type":0,"category":167,"actions":["Open"],"coordinates":[[4054,31898]],"size":[1,1,240],"rotations":[0],"colors":[65536,8684685,11185077]},{"id":8816,"name":"Bed","type":10,"category":0,"actions":[],"coordinates":[[4054,31868],[4070,31868]],"size":[1,2,170],"rotations":[2,2],"colors":[12366514,10073017,9149864,2582393,6990537,1473932]},{"id":848,"name":"Spear wall","type":10,"category":0,"actions":[],"coordinates":[[4060,31894]],"size":[2,1,237],"rotations":[2],"colors":[11185077,2969197,2778759,3175579,2133684]},{"id":11742,"name":"Chest","type":10,"category":0,"actions":["Open","Search for traps"],"coordinates":[[4058,31834]],"size":[1,1,128],"rotations":[0],"colors":[2144441,9145493,13254912]},{"id":8797,"name":"Closed Chest","type":10,"category":0,"actions":["Open"],"coordinates":[[4062,31898]],"size":[1,1,128],"rotations":[0],"colors":[2144441,9145493,13254912]},{"id":1088,"name":"Chair","type":10,"category":0,"actions":[],"coordinates":[[4066,31914],[4066,31910],[4082,31910]],"size":[1,1,144],"rotations":[0,0,0],"colors":[2974350,2778759]},{"id":889,"name":"Painting","type":4,"category":0,"actions":[],"coordinates":[[4066,31842]],"size":[1,1,230],"rotations":[0],"colors":[15677,13846272]},{"id":1096,"name":"Rocking chair","type":11,"category":0,"actions":[],"coordinates":[[4066,31842]],"size":[1,1,148],"rotations":[0],"colors":[2974350]},{"id":35961,"name":"Closed Chest","type":10,"category":0,"actions":["Open"],"coordinates":[[4070,31834]],"size":[1,1,128],"rotations":[0],"colors":[2144441,9145493,13254912]},{"id":8815,"name":"Bed","type":10,"category":0,"actions":[],"coordinates":[[4070,31828]],"size":[1,2,96],"rotations":[0],"colors":[1795482,2582393,6990537,9149864,10073017]},{"id":8787,"name":"Door","type":0,"category":167,"actions":["Open"],"coordinates":[[4074,31898]],"size":[1,1,240],"rotations":[0],"colors":[3640494,1800346,4020837,6516344,3309728,1469331,3640494,1800346,4020837,6516344,3309728,1469331]},{"id":890,"name":"Portrait","type":5,"category":0,"actions":[],"coordinates":[[4074,31834]],"size":[1,1,231],"rotations":[0],"colors":[3006971,13846272]},{"id":37336,"name":"null","type":10,"category":154,"actions":[],"coordinates":[[4080,31914]],"size":[2,1,0],"rotations":[3],"colors":[]},{"id":8785,"name":"Ladder","type":10,"category":0,"actions":["Climb-up"],"coordinates":[[4082,31830]],"size":[1,1,264],"rotations":[0],"colors":[4290715,2130612,4936448,16711422]}]