[{"id":29141,"name":"Adventure log space","type":10,"category":207,"actions":["Build"],"coordinates":[[3876,27388]],"size":[2,2,95],"rotations":[0],"colors":[16711422]},{"id":29143,"name":"Boss lair space","type":10,"category":207,"actions":["Build"],"coordinates":[[3878,27366]],"size":[3,3,267],"rotations":[0],"colors":[16711422]},{"id":29144,"name":"Display space","type":10,"category":207,"actions":["Build"],"coordinates":[[3900,27364]],"size":[2,2,202],"rotations":[0],"colors":[16711422]},{"id":13830,"name":"Window","type":0,"category":0,"actions":[],"coordinates":[[3938,27382],[3938,27370],[3946,27390],[3946,27362],[3958,27390],[3958,27362],[3966,27382],[3966,27370]],"size":[1,1,240],"rotations":[0,0,0,0,0,0,0,0],"colors":[16711422]},{"id":33351,"name":"Curtain space","type":5,"category":207,"actions":["Build"],"coordinates":[[3938,27382],[3938,27370],[3946,27390],[3946,27362],[3958,27390],[3958,27362],[3966,27382],[3966,27370]],"size":[1,1,219],"rotations":[0,0,0,0,0,0,0,0],"colors":[16711422]},{"id":33346,"name":"Portal Nexus space","type":10,"category":207,"actions":["Build"],"coordinates":[[3952,27376]],"size":[2,2,429],"rotations":[0],"colors":[16711422]},{"id":41030,"name":"Statue space","type":11,"category":207,"actions":["Build"],"coordinates":[[4004,27388]],"size":[2,2,56],"rotations":[0],"colors":[15527407]},{"id":41028,"name":"Banner stand space","type":11,"category":207,"actions":["Build"],"coordinates":[[4002,27362]],"size":[1,1,183],"rotations":[0],"colors":[16711422]},{"id":41024,"name":"Pedestal space","type":10,"category":207,"actions":["Build"],"coordinates":[[4008,27364]],"size":[2,2,103],"rotations":[0],"colors":[15527407]},{"id":41025,"name":"Pedestal space","type":10,"category":207,"actions":["Build"],"coordinates":[[4016,27364]],"size":[2,2,103],"rotations":[0],"colors":[15527407]},{"id":41026,"name":"Pedestal space","type":10,"category":207,"actions":["Build"],"coordinates":[[4024,27364]],"size":[2,2,103],"rotations":[0],"colors":[15527407]},{"id":41027,"name":"Trophy case space","type":11,"category":207,"actions":["Build"],"coordinates":[[4028,27388]],"size":[2,2,224],"rotations":[0],"colors":[15527407]},{"id":41029,"name":"Outfit stand space","type":11,"category":207,"actions":["Build"],"coordinates":[[4030,27362]],"size":[1,1,193],"rotations":[0],"colors":[15527407]}]