[{"id":1286,"name":"Dead tree","type":11,"category":189,"actions":["Chop down"],"coordinates":[[4422,30374],[4426,30310],[4430,30382],[4438,30370],[4454,30418],[4462,30418],[4466,30410],[4470,30370],[4494,30406],[4494,30334]],"size":[1,1,289],"rotations":[0,0,0,0,0,0,0,0,0,0],"colors":[1068652,1071989]},{"id":1289,"name":"Dead tree","type":11,"category":189,"actions":["Chop down"],"coordinates":[[4422,30362],[4426,30358],[4486,30414],[4494,30426],[4518,30410],[4522,30358]],"size":[1,1,289],"rotations":[0,0,0,0,0,0],"colors":[1068652,1071989]},{"id":3794,"name":"Grass","type":11,"category":0,"actions":[],"coordinates":[[4426,30378],[4430,30414],[4438,30366],[4458,30342],[4458,30322],[4462,30410],[4474,30386],[4478,30354],[4498,30402],[4522,30382]],"size":[1,1,103],"rotations":[0,0,0,0,0,0,0,0,0,0],"colors":[1812119,7042945,8294809,7635341,7045505]},{"id":1283,"name":"Dead tree","type":11,"category":189,"actions":["Chop down"],"coordinates":[[4432,30352],[4460,30344],[4472,30336],[4484,30348],[4500,30384],[4504,30372],[4504,30356],[4520,30348],[4524,30400],[4524,30364],[4524,30352]],"size":[2,2,510],"rotations":[0,0,0,0,0,0,0,0,0,0,0],"colors":[4214361,4020837]},{"id":1661,"name":"Bricks","type":10,"category":0,"actions":[],"coordinates":[[4434,30374],[4502,30398]],"size":[1,1,518],"rotations":[0,0],"colors":[6508032,8684685,7566202]},{"id":1282,"name":"Dead tree","type":11,"category":189,"actions":["Chop down"],"coordinates":[[4448,30400],[4456,30376],[4464,30396],[4484,30324],[4492,30344],[4500,30392]],"size":[2,2,510],"rotations":[0,0,0,0,0,0],"colors":[4214361,4020837]},{"id":1662,"name":"Bricks","type":11,"category":0,"actions":[],"coordinates":[[4446,30382],[4466,30402],[4490,30394],[4490,30390]],"size":[1,1,488],"rotations":[0,0,0,0],"colors":[6508032,8684685,7566202,9605787]},{"id":1284,"name":"Dead tree","type":11,"category":189,"actions":["Chop down"],"coordinates":[[4452,30352],[4472,30328],[4496,30360],[4508,30416]],"size":[2,2,510],"rotations":[0,0,0,0],"colors":[4214361,4020837]},{"id":4062,"name":"Shelf","type":4,"category":0,"actions":["Search"],"coordinates":[[4454,30402]],"size":[1,1,178],"rotations":[0],"colors":[15724012,6536631,7566202,10000803,12040385,1451916,4227477,1071980,15527919,1796768,15396333]},{"id":1089,"name":"Smashed chair","type":10,"category":0,"actions":[],"coordinates":[[4458,30410]],"size":[1,1,69],"rotations":[0],"colors":[2974350]},{"id":4064,"name":"Smashed table","type":10,"category":0,"actions":["Search"],"coordinates":[[4458,30406]],"size":[1,1,164],"rotations":[0],"colors":[13254912,2579065]},{"id":422,"name":"Bed","type":10,"category":0,"actions":[],"coordinates":[[4462,30364],[4478,30332]],"size":[1,2,22],"rotations":[1,0],"colors":[15856115,14212317,2578816]},{"id":1535,"name":"Door","type":9,"category":0,"actions":["Open"],"coordinates":[[4466,30358],[4482,30342],[4506,30362]],"size":[1,1,240],"rotations":[0,0,0],"colors":[3640494,1800346,4020837,6516344,3309728,1469331,3640494,1800346,4020837,6516344,3309728,1469331]},{"id":1365,"name":"Dead tree","type":11,"category":189,"actions":["Chop down"],"coordinates":[[4486,30430],[4494,30418],[4530,30414]],"size":[1,1,289],"rotations":[0,0,0],"colors":[1068652,1071989]},{"id":356,"name":"Crate","type":11,"category":0,"actions":["Search"],"coordinates":[[4486,30338]],"size":[1,1,80],"rotations":[0],"colors":[13254912]},{"id":1663,"name":"Bricks","type":10,"category":0,"actions":[],"coordinates":[[4502,30406]],"size":[1,1,518],"rotations":[0],"colors":[6508032,8684685,7566202]},{"id":4063,"name":"Sink","type":10,"category":175,"actions":[],"coordinates":[[4510,30364]],"size":[1,2,199],"rotations":[3],"colors":[13254912,13882329,11185077,2579065,15058176,9145493]},{"id":423,"name":"Bed","type":10,"category":0,"actions":[],"coordinates":[[4512,30354]],"size":[2,3,23],"rotations":[1],"colors":[11719642,15856115,14212317,2578816]},{"id":355,"name":"Crate","type":11,"category":0,"actions":["Search"],"coordinates":[[4518,30366]],"size":[1,1,160],"rotations":[0],"colors":[13254912]},{"id":1088,"name":"Chair","type":11,"category":0,"actions":[],"coordinates":[[4518,30362]],"size":[1,1,144],"rotations":[0],"colors":[2974350,2778759]}]