[{"id":4051,"name":"Tree","type":10,"category":0,"actions":[],"coordinates":[[4634,38190],[4642,38170],[4646,38182],[4654,38194],[4654,38174],[4666,38190],[4666,38166],[4678,38198],[4698,38234],[4710,38194],[4718,38214],[4730,38218]],"size":[1,1,295],"rotations":[0,0,0,0,0,0,0,0,0,0,0,0],"colors":[2969177]},{"id":10658,"name":"Torch","type":10,"category":0,"actions":[],"coordinates":[[4678,38214],[4678,38206],[4730,38210],[4730,38198]],"size":[1,1,174],"rotations":[0,0,0,0],"colors":[5142142,2965593,5865615,2109620,2992123,3006971]},{"id":12887,"name":"Chair","type":10,"category":0,"actions":[],"coordinates":[[4686,38218],[4702,38190],[4710,38226]],"size":[1,1,156],"rotations":[0,0,0],"colors":[1076076,1071458]},{"id":10661,"name":"Chest","type":10,"category":276,"actions":["Deposit"],"coordinates":[[4690,38226]],"size":[1,1,133],"rotations":[0],"colors":[6518893,7836040,4028272,5671297,1073754]},{"id":12892,"name":"Small Table","type":10,"category":155,"actions":[],"coordinates":[[4690,38190],[4694,38226],[4722,38226]],"size":[1,1,85],"rotations":[0,0,0],"colors":[8758968,6523808,8034473,7639457]},{"id":5495,"name":"Bed","type":10,"category":0,"actions":[],"coordinates":[[4692,38178],[4716,38238]],"size":[2,3,23],"rotations":[3,1],"colors":[11719642,15856115,14212317,2578816]},{"id":10662,"name":"Crate","type":10,"category":0,"actions":["Search"],"coordinates":[[4694,38218]],"size":[1,1,79],"rotations":[0],"colors":[3764617,8034473,6523808,11185077,4946320,7639457,5996692]},{"id":10660,"name":"Fire","type":10,"category":152,"actions":[],"coordinates":[[4698,38206],[4698,38186],[4718,38230]],"size":[1,1,195],"rotations":[0,0,0],"colors":[2992123,2589920,2320590,3000059,3003643]},{"id":12888,"name":"Chair","type":10,"category":0,"actions":[],"coordinates":[[4702,38178],[4714,38226]],"size":[1,1,146],"rotations":[0,0],"colors":[1076076,1071458]},{"id":12907,"name":"Ladder","type":10,"category":0,"actions":["Climb-up"],"coordinates":[[4710,38242]],"size":[1,1,209],"rotations":[0],"colors":[5996150,7050378]},{"id":29041,"name":"null","type":10,"category":960,"actions":["Build","Search"],"coordinates":[[4718,38194]],"size":[1,1,0],"rotations":[0],"colors":[]}]