[{"id":11192,"name":"Rockslide","type":10,"category":0,"actions":[],"coordinates":[[5648,10904],[5788,10796],[5788,10780],[5796,10780]],"size":[2,2,43],"rotations":[0,0,0,0],"colors":[5540258]},{"id":11364,"name":"Iron rocks","type":10,"category":218,"actions":["Mine"],"coordinates":[[5646,10814],[5646,10806],[5650,10822],[5650,10818],[5654,10830],[5662,10838],[5666,10818]],"size":[1,1,84],"rotations":[0,0,0,0,0,0,0],"colors":[7039858,65536]},{"id":11372,"name":"Mithril rocks","type":10,"category":252,"actions":["Mine"],"coordinates":[[5646,10798],[5650,10794],[5878,10766]],"size":[1,1,84],"rotations":[0,0,0],"colors":[7039858,65536]},{"id":11190,"name":"Rockslide","type":10,"category":0,"actions":[],"coordinates":[[5652,10772],[5684,10804],[5748,10760],[5796,10788],[5880,10880]],"size":[2,2,87],"rotations":[0,0,0,0,0],"colors":[5540258]},{"id":1986,"name":"Root","type":10,"category":0,"actions":["Search"],"coordinates":[[5666,10902],[5686,10854],[5730,10930],[5738,10902],[5770,10862],[5778,10938],[5782,10866],[5834,10810]],"size":[3,3,152],"rotations":[0,0,0,0,0,0,0,0],"colors":[1068652]},{"id":1985,"name":"Root","type":10,"category":0,"actions":["Search"],"coordinates":[[5682,10914],[5718,10854],[5734,10882],[5778,10842],[5802,10838],[5850,10886],[5870,10870]],"size":[3,3,250],"rotations":[0,0,0,0,0,0,0],"colors":[1068652]},{"id":11368,"name":"Silver rocks","type":10,"category":285,"actions":["Mine"],"coordinates":[[5686,10770],[5694,10774],[5698,10778],[5706,10774]],"size":[1,1,84],"rotations":[0,0,0,0],"colors":[7039858,65536]},{"id":11193,"name":"Rockslide","type":10,"category":0,"actions":[],"coordinates":[[5692,10916],[5696,10852],[5748,10928],[5748,10768],[5752,10968],[5780,10788],[5788,10840],[5792,10884],[5796,10796],[5804,10792],[5872,10880]],"size":[2,2,43],"rotations":[0,0,0,0,0,0,0,0,0,0,0],"colors":[5540258]},{"id":11363,"name":"Clay rocks","type":10,"category":201,"actions":["Mine"],"coordinates":[[5694,10822],[5854,10770],[5866,10766],[5870,10782]],"size":[1,1,89],"rotations":[0,0,0,0],"colors":[7039858,65536]},{"id":11362,"name":"Clay rocks","type":10,"category":201,"actions":["Mine"],"coordinates":[[5702,10802],[5710,10806],[5710,10798],[5718,10810],[5866,10762]],"size":[1,1,84],"rotations":[0,0,0,0,0],"colors":[7039858,65536]},{"id":17385,"name":"Ladder","type":10,"category":0,"actions":["Climb-up"],"coordinates":[[5758,10842]],"size":[1,1,264],"rotations":[0],"colors":[4290715,2130612,4936448,16711422]},{"id":2451,"name":"Roots","type":10,"category":0,"actions":["Push"],"coordinates":[[5776,10814]],"size":[4,1,244],"rotations":[0],"colors":[5540258,65536,1071980]},{"id":11191,"name":"Rockslide","type":10,"category":0,"actions":[],"coordinates":[[5788,10788],[5820,10872],[5852,10840]],"size":[2,2,87],"rotations":[0,0,0],"colors":[5540258]},{"id":11367,"name":"Coal rocks","type":10,"category":200,"actions":["Mine"],"coordinates":[[5794,10810],[5850,10790]],"size":[1,1,89],"rotations":[0,0],"colors":[7039858,65536]},{"id":11366,"name":"Coal rocks","type":10,"category":200,"actions":["Mine"],"coordinates":[[5834,10766],[5842,10766],[5846,10774],[5850,10762],[5854,10778],[5858,10766],[5862,10774],[5866,10786],[5874,10774]],"size":[1,1,84],"rotations":[0,0,0,0,0,0,0,0,0],"colors":[7039858,65536]},{"id":652,"name":"null","type":22,"category":1684,"actions":[],"coordinates":[[5842,10978],[5850,10974]],"size":[1,1,2],"rotations":[0,0],"colors":[1451916]},{"id":653,"name":"null","type":22,"category":1684,"actions":[],"coordinates":[[5842,10974],[5854,10978]],"size":[1,1,2],"rotations":[0,0],"colors":[1451916]},{"id":2450,"name":"Daconia rocks","type":10,"category":0,"actions":[],"coordinates":[[5846,10950],[5850,10994],[5858,10998],[5862,10994]],"size":[1,1,89],"rotations":[0,0,0,0],"colors":[7039858,65536]},{"id":2449,"name":"Daconia rocks","type":10,"category":0,"actions":[],"coordinates":[[5850,10954],[5854,10990],[5866,10962],[5870,10986],[5870,10982],[5870,10966]],"size":[1,1,84],"rotations":[0,0,0,0,0,0],"colors":[7039858,65536]},{"id":11370,"name":"Gold rocks","type":10,"category":199,"actions":["Mine"],"coordinates":[[5854,10790],[5858,10794],[5866,10794],[5870,10802]],"size":[1,1,84],"rotations":[0,0,0,0],"colors":[7039858,65536]},{"id":11365,"name":"Iron rocks","type":11,"category":218,"actions":["Mine"],"coordinates":[[5858,10798]],"size":[1,1,89],"rotations":[0],"colors":[7039858,65536]},{"id":17028,"name":"Ladder","type":10,"category":0,"actions":["Climb-up"],"coordinates":[[5874,10974]],"size":[1,1,232],"rotations":[0],"colors":[4290715,2130612,4936448]},{"id":11373,"name":"Mithril rocks","type":10,"category":252,"actions":["Mine"],"coordinates":[[5874,10766]],"size":[1,1,89],"rotations":[0],"colors":[7039858,65536]},{"id":11375,"name":"Adamantite rocks","type":10,"category":197,"actions":["Mine"],"coordinates":[[5878,10798],[5878,10790],[5882,10766]],"size":[1,1,89],"rotations":[0,0,0],"colors":[7039858,65536]}]