[{"id":12257,"name":"Dragon egg","type":10,"category":0,"actions":[],"coordinates":[[5642,32902],[5650,32862],[5662,32842],[5674,32882]],"size":[1,1,104],"rotations":[0,0,0,0],"colors":[11719642,16118771]},{"id":724,"name":"Standing torch","type":10,"category":0,"actions":[],"coordinates":[[5646,32910],[5646,32858],[5650,32882],[5650,32842],[5666,32910],[5674,32854],[5678,32906],[5682,32870],[5690,32978],[5694,33002],[5710,33002],[5714,32946],[5718,32826],[5722,32930],[5722,32910],[5734,32886],[5738,33002],[5742,32802],[5754,32882],[5762,32918],[5762,32894],[5766,33002],[5766,32814],[5774,32942],[5778,32814],[5782,32986],[5782,32966],[5782,32838],[5802,32978],[5814,32962],[5814,32934],[5822,32910],[5834,32962],[5842,32974],[5850,32894],[5862,32978],[5874,32934]],"size":[1,1,174],"rotations":[0,0,0,0,0,0,0,0,0,0,0,0,0,0,0,0,0,0,0,0,0,0,0,0,0,0,0,0,0,0,0,0,0,0,0,0,0],"colors":[5142142,2965593,5865615,2109620,2992123,3006971]},{"id":12243,"name":"Skeleton","type":10,"category":0,"actions":[],"coordinates":[[5714,32822],[5758,32882]],"size":[1,1,67],"rotations":[0,0],"colors":[14474976]},{"id":12241,"name":"Bones","type":10,"category":0,"actions":[],"coordinates":[[5718,32830],[5738,32874],[5758,32886]],"size":[1,1,25],"rotations":[0,0,0],"colors":[14474976]},{"id":12259,"name":"Nest","type":10,"category":0,"actions":[],"coordinates":[[5722,32818]],"size":[3,3,40],"rotations":[0],"colors":[4935288,5987710,6448520,7040404]},{"id":12253,"name":"Tunnel entrance","type":10,"category":0,"actions":[],"coordinates":[[5728,32908]],"size":[2,2,92],"rotations":[0],"colors":[11393507,11132129,10212062,8174537,6136752,1475475,65536]},{"id":12244,"name":"Skeleton","type":10,"category":0,"actions":[],"coordinates":[[5726,32810],[5758,32898]],"size":[1,1,99],"rotations":[0,0],"colors":[14474976]},{"id":12242,"name":"Bones","type":10,"category":0,"actions":[],"coordinates":[[5730,32894]],"size":[1,1,44],"rotations":[0],"colors":[14474976]},{"id":12245,"name":"Skeleton","type":10,"category":0,"actions":[],"coordinates":[[5732,32814]],"size":[2,1,56],"rotations":[3],"colors":[14474976,11185077]},{"id":12247,"name":"Skeleton","type":10,"category":0,"actions":[],"coordinates":[[5738,32870],[5786,32814]],"size":[1,1,99],"rotations":[0,0],"colors":[14474976]},{"id":12260,"name":"Portal","type":10,"category":0,"actions":["Use"],"coordinates":[[5750,33012]],"size":[5,2,318],"rotations":[0],"colors":[2582393,4288637,1071980,1071458,4815242,11886228,11685005,11417478,10498683,10099571]},{"id":12240,"name":"Bones","type":10,"category":0,"actions":[],"coordinates":[[5762,32890]],"size":[1,1,54],"rotations":[0],"colors":[14474976]},{"id":12246,"name":"Skeleton","type":10,"category":0,"actions":[],"coordinates":[[5790,32814]],"size":[1,1,67],"rotations":[0],"colors":[14474976]},{"id":12248,"name":"Skeleton","type":10,"category":0,"actions":[],"coordinates":[[5796,32818]],"size":[2,1,56],"rotations":[0],"colors":[14474976,11185077]},{"id":11371,"name":"Gold rocks","type":10,"category":199,"actions":["Mine"],"coordinates":[[5826,32922],[5838,32914]],"size":[1,1,89],"rotations":[0,0],"colors":[7039858,65536]},{"id":11373,"name":"Mithril rocks","type":10,"category":252,"actions":["Mine"],"coordinates":[[5830,32954],[5830,32946]],"size":[1,1,89],"rotations":[0,0],"colors":[7039858,65536]},{"id":11370,"name":"Gold rocks","type":10,"category":199,"actions":["Mine"],"coordinates":[[5834,32922],[5854,32914]],"size":[1,1,84],"rotations":[0,0],"colors":[7039858,65536]},{"id":11367,"name":"Coal rocks","type":10,"category":200,"actions":["Mine"],"coordinates":[[5838,32958],[5842,32950],[5850,32970]],"size":[1,1,89],"rotations":[0,0,0],"colors":[7039858,65536]},{"id":11369,"name":"Silver rocks","type":10,"category":285,"actions":["Mine"],"coordinates":[[5846,32926],[5854,32922]],"size":[1,1,89],"rotations":[0,0],"colors":[7039858,65536]},{"id":11368,"name":"Silver rocks","type":10,"category":285,"actions":["Mine"],"coordinates":[[5846,32918]],"size":[1,1,84],"rotations":[0],"colors":[7039858,65536]},{"id":11366,"name":"Coal rocks","type":10,"category":200,"actions":["Mine"],"coordinates":[[5854,32962]],"size":[1,1,84],"rotations":[0],"colors":[7039858,65536]},{"id":11364,"name":"Iron rocks","type":10,"category":218,"actions":["Mine"],"coordinates":[[5854,32930]],"size":[1,1,84],"rotations":[0],"colors":[7039858,65536]},{"id":11365,"name":"Iron rocks","type":10,"category":218,"actions":["Mine"],"coordinates":[[5858,32946],[5862,32934],[5862,32922]],"size":[1,1,89],"rotations":[0,0,0],"colors":[7039858,65536]}]