[{"id":17385,"name":"Ladder","type":10,"category":0,"actions":["Climb-up"],"coordinates":[[6094,10626]],"size":[1,1,264],"rotations":[0],"colors":[4290715,2130612,4936448,16711422]},{"id":652,"name":"null","type":22,"category":1684,"actions":[],"coordinates":[[6102,10626],[6106,10622],[6110,10630],[6114,10622]],"size":[1,1,2],"rotations":[0,0,0,0],"colors":[1451916]},{"id":653,"name":"null","type":22,"category":1684,"actions":[],"coordinates":[[6106,10626]],"size":[1,1,2],"rotations":[0],"colors":[1451916]},{"id":23550,"name":"Spikes","type":10,"category":0,"actions":[],"coordinates":[[6106,10626],[6106,10622],[6110,10630],[6110,10626],[6110,10622],[6110,10618],[6114,10630],[6114,10626],[6114,10622],[6114,10618],[6118,10626],[6118,10622]],"size":[1,1,108],"rotations":[0,0,0,0,0,0,0,0,0,0,0,0],"colors":[8684685]},{"id":654,"name":"null","type":22,"category":1684,"actions":[],"coordinates":[[6110,10622]],"size":[1,1,2],"rotations":[0],"colors":[1451916]},{"id":660,"name":"Corpse","type":10,"category":0,"actions":[],"coordinates":[[6110,10614]],"size":[1,1,67],"rotations":[0],"colors":[14474976]},{"id":661,"name":"Corpse","type":10,"category":0,"actions":[],"coordinates":[[6118,10630]],"size":[1,1,99],"rotations":[0],"colors":[14474976]}]