[{"id":8952,"name":"Rock","type":10,"category":0,"actions":[],"coordinates":[[5916,9804],[6000,9888]],"size":[2,2,58],"rotations":[0,0],"colors":[1473814,8494473,7638400,6518893,5732439]},{"id":8951,"name":"Rock","type":10,"category":0,"actions":[],"coordinates":[[5954,9886],[6034,9822]],"size":[1,1,34],"rotations":[0,0],"colors":[5732439,8494473,7638400,6518893]},{"id":8967,"name":"Door","type":10,"category":0,"actions":[],"coordinates":[[6078,9858],[6086,9866],[6086,9850]],"size":[1,1,0],"rotations":[0,0,0],"colors":[11185077]},{"id":10177,"name":"Iron ladder","type":10,"category":0,"actions":["Climb","Climb-up","Climb-down"],"coordinates":[[6090,9858]],"size":[1,1,240],"rotations":[0],"colors":[15394272,6445915,6445915,65536,2763309]}]