[{"id":10820,"name":"Oak tree","type":10,"category":279,"actions":["Chop down"],"coordinates":[[5894,36694],[5906,36814],[5906,36774],[5918,36794],[5934,36830],[5950,36790],[5978,36846],[6074,36630],[6082,36746],[6086,36698],[6094,36782],[6102,36682],[6110,36814],[6110,36618],[6130,36766],[6130,36690],[6134,36722]],"size":[3,3,435],"rotations":[0,0,0,0,0,0,0,0,0,0,0,0,0,0,0,0,0],"colors":[4017253,4419840]},{"id":11932,"name":"Rockslide","type":10,"category":0,"actions":[],"coordinates":[[5916,36692]],"size":[2,2,87],"rotations":[0],"colors":[5540258]},{"id":10790,"name":"Boulder","type":10,"category":0,"actions":[],"coordinates":[[5932,36772],[5956,36780],[5980,36796],[6044,36856],[6044,36684],[6068,36648],[6072,36692],[6080,36684],[6100,36848]],"size":[2,2,87],"rotations":[0,0,0,0,0,0,0,0,0],"colors":[6178560]},{"id":1276,"name":"Tree","type":10,"category":189,"actions":["Chop down"],"coordinates":[[5936,36724],[6036,36772],[6040,36764],[6076,36640],[6084,36636],[6092,36628],[6092,36620],[6096,36672],[6096,36624],[6100,36632],[6104,36672],[6104,36620],[6108,36688],[6112,36676],[6112,36632],[6116,36628],[6120,36688],[6120,36664],[6124,36612],[6128,36676],[6128,36628],[6128,36616]],"size":[2,2,290],"rotations":[0,0,0,0,0,0,0,0,0,0,0,0,0,0,0,0,0,0,0,0,0,0],"colors":[4017253,4419840]},{"id":10791,"name":"Boulder","type":10,"category":0,"actions":[],"coordinates":[[5944,36780],[5960,36792],[6016,36856],[6028,36848],[6060,36652],[6088,36836],[6092,36644],[6096,36660]],"size":[2,2,53],"rotations":[0,0,0,0,0,0,0,0],"colors":[6178560]},{"id":576,"name":"Statue","type":10,"category":0,"actions":[],"coordinates":[[5946,36714]],"size":[1,1,178],"rotations":[0],"colors":[11185077,8763568]},{"id":1102,"name":"Stool","type":10,"category":0,"actions":[],"coordinates":[[5954,36718],[5958,36714],[5962,36718]],"size":[1,1,64],"rotations":[0,0,0],"colors":[2579065]},{"id":1106,"name":"Bench","type":10,"category":0,"actions":[],"coordinates":[[5956,36706],[5976,36730],[5992,36798],[6008,36802],[6072,36814]],"size":[2,1,106],"rotations":[0,3,2,2,1],"colors":[1800358]},{"id":1278,"name":"Tree","type":10,"category":189,"actions":["Chop down"],"coordinates":[[5960,36808],[6008,36832],[6024,36760],[6044,36656],[6048,36776],[6052,36744],[6056,36760],[6068,36788],[6084,36672],[6100,36824],[6100,36728],[6120,36772]],"size":[2,2,372],"rotations":[0,0,0,0,0,0,0,0,0,0,0,0],"colors":[4419840,4017253]},{"id":888,"name":"Painting","type":5,"category":0,"actions":[],"coordinates":[[5958,36722],[5966,36706]],"size":[1,1,230],"rotations":[0,0],"colors":[15677,13846272]},{"id":24969,"name":"Fireplace","type":10,"category":152,"actions":[],"coordinates":[[5958,36722]],"size":[1,1,128],"rotations":[0],"colors":[2132927,2337495,1793696,2606313,2138559,6508032,5723997,4390912,9145493]},{"id":889,"name":"Painting","type":5,"category":0,"actions":[],"coordinates":[[5958,36706],[5966,36722]],"size":[1,1,230],"rotations":[0,0],"colors":[15677,13846272]},{"id":16668,"name":"Staircase","type":10,"category":0,"actions":["Climb-up"],"coordinates":[[5970,36730]],"size":[1,3,316],"rotations":[2],"colors":[2582400,1467005,5522176,16711422]},{"id":894,"name":"Landscape","type":5,"category":0,"actions":[],"coordinates":[[5970,36702]],"size":[1,1,232],"rotations":[0],"colors":[3006971,13846272]},{"id":683,"name":"Grandfather Clock","type":10,"category":0,"actions":[],"coordinates":[[5974,36734]],"size":[1,1,200],"rotations":[0],"colors":[8430513,6525088,16711422,65536,8243938,8112364]},{"id":891,"name":"Landscape","type":5,"category":0,"actions":[],"coordinates":[[5974,36726]],"size":[1,1,231],"rotations":[0],"colors":[3006971,13846272]},{"id":16671,"name":"Staircase","type":10,"category":0,"actions":["Climb-up"],"coordinates":[[5976,36712]],"size":[2,2,240],"rotations":[0],"colors":[6178560,1464957]},{"id":595,"name":"Table","type":10,"category":156,"actions":[],"coordinates":[[5976,36698],[5984,36698]],"size":[2,1,89],"rotations":[3,3],"colors":[5538466,5863311,4812426]},{"id":690,"name":"Bath screen","type":11,"category":0,"actions":[],"coordinates":[[5986,36724],[5990,36732],[5998,36732]],"size":[1,2,237],"rotations":[0,1,1],"colors":[1464957,12604160]},{"id":1543,"name":"Door","type":0,"category":0,"actions":["Open"],"coordinates":[[5986,36702]],"size":[1,1,240],"rotations":[0],"colors":[7039858,6508032,6508032,7039858,7039858,6508032,7039858,6508032,6508032,7039858]},{"id":592,"name":"Bathroom table","type":10,"category":154,"actions":[],"coordinates":[[5994,36722]],"size":[1,1,160],"rotations":[0],"colors":[2134713,2334409,10847863,7126477,11185077,4936448,1068652,1467005]},{"id":875,"name":"Bath","type":10,"category":0,"actions":[],"coordinates":[[5998,36724]],"size":[1,2,124],"rotations":[2],"colors":[15987185,7566202]},{"id":689,"name":"Mirror","type":10,"category":0,"actions":[],"coordinates":[[6002,36730]],"size":[1,1,245],"rotations":[0],"colors":[3644846,15987697,1470589]},{"id":871,"name":"Bath pipes","type":10,"category":0,"actions":[],"coordinates":[[6002,36722]],"size":[1,1,229],"rotations":[0],"colors":[6381927,65536,4934480,5860751,8158597]},{"id":1535,"name":"Door","type":0,"category":0,"actions":["Open"],"coordinates":[[6002,36690]],"size":[1,1,240],"rotations":[0],"colors":[3640494,1800346,4020837,6516344,3309728,1469331,3640494,1800346,4020837,6516344,3309728,1469331]},{"id":299,"name":"Hay bales","type":10,"category":0,"actions":["Search"],"coordinates":[[6004,36678]],"size":[2,1,128],"rotations":[2],"colors":[1065845,8216832,16711422]},{"id":300,"name":"Haystack","type":10,"category":0,"actions":["Search"],"coordinates":[[6008,36684]],"size":[2,2,228],"rotations":[0],"colors":[8216832,1065314,14543080,11133409,16711422]},{"id":1118,"name":"Bush","type":10,"category":0,"actions":[],"coordinates":[[6028,36720],[6032,36744],[6048,36728]],"size":[2,2,101],"rotations":[0,0,0],"colors":[4419840]},{"id":1124,"name":"Bush","type":10,"category":0,"actions":[],"coordinates":[[6026,36690]],"size":[1,1,90],"rotations":[0],"colors":[4419840,4419840]},{"id":1126,"name":"Rosebush","type":10,"category":0,"actions":[],"coordinates":[[6028,36670]],"size":[2,1,125],"rotations":[0],"colors":[4419840,5272507]},{"id":1393,"name":"Plant","type":10,"category":0,"actions":[],"coordinates":[[6070,36658],[6074,36646],[6086,36666],[6086,36630],[6090,36682],[6090,36634],[6094,36666],[6098,36670],[6098,36638],[6106,36670],[6106,36634],[6110,36666],[6110,36638],[6114,36690],[6114,36678],[6114,36670],[6118,36634],[6122,36626],[6122,36618],[6126,36682],[6130,36682],[6130,36670],[6130,36622],[6138,36618]],"size":[1,1,133],"rotations":[0,0,0,0,0,0,0,0,0,0,0,0,0,0,0,0,0,0,0,0,0,0,0,0],"colors":[11185077,7039858,10000803,9145493,8684685,8158597]},{"id":611,"name":"Picnic bench","type":10,"category":154,"actions":[],"coordinates":[[6084,36764],[6084,36720],[6112,36740],[6132,36740]],"size":[2,2,104],"rotations":[0,0,0,0],"colors":[4026512,5142421,2778759]},{"id":1120,"name":"Bush","type":11,"category":0,"actions":[],"coordinates":[[6096,36708],[6104,36756]],"size":[2,2,79],"rotations":[0,0],"colors":[4419840,1813642,1810551,1473814]},{"id":11182,"name":"Mossy rock","type":10,"category":0,"actions":[],"coordinates":[[6104,36804],[6112,36788],[6124,36812],[6132,36816]],"size":[2,2,87],"rotations":[0,0,0,0],"colors":[6178560,1477752]},{"id":11183,"name":"Mossy rock","type":10,"category":0,"actions":[],"coordinates":[[6114,36794],[6122,36802],[6130,36794],[6138,36794]],"size":[1,1,53],"rotations":[0,0,0,0],"colors":[6178560,1477752]},{"id":1992,"name":"Glarial's Tombstone","type":10,"category":0,"actions":["Read"],"coordinates":[[6140,36652]],"size":[2,2,292],"rotations":[0],"colors":[6178560,11185077]}]