[{"id":10788,"name":"Rock","type":10,"category":0,"actions":[],"coordinates":[[5948,31876]],"size":[2,2,58],"rotations":[0],"colors":[6178560,1471760,1473814]},{"id":10787,"name":"Rock","type":10,"category":0,"actions":[],"coordinates":[[5946,31830]],"size":[1,1,49],"rotations":[0],"colors":[1471760,6178560]},{"id":4546,"name":"Strange wall","type":0,"category":0,"actions":["Open"],"coordinates":[[5958,31922]],"size":[1,1,240],"rotations":[0],"colors":[7834257,6780540,9998223,7638157,7241862,7835793]},{"id":4614,"name":"Bowl","type":22,"category":0,"actions":[],"coordinates":[[5958,31890]],"size":[1,1,33],"rotations":[0],"colors":[2334409,2134713,9145493,12040385]},{"id":4612,"name":"Shell","type":22,"category":0,"actions":[],"coordinates":[[5958,31878]],"size":[1,1,5],"rotations":[0],"colors":[14474976,11978716]},{"id":4611,"name":"Shell","type":22,"category":0,"actions":[],"coordinates":[[5958,31842]],"size":[1,1,16],"rotations":[0],"colors":[10141136,2583936,8891068]},{"id":4610,"name":"Shell","type":22,"category":0,"actions":[],"coordinates":[[5958,31822]],"size":[1,1,11],"rotations":[0],"colors":[10542065,9555675]},{"id":4543,"name":"Strange wall","type":0,"category":0,"actions":["Study"],"coordinates":[[5962,31922]],"size":[1,1,240],"rotations":[0],"colors":[9998223,9410712,1450109,15856115,7834257,7835793,7241862,65536,2110916,6782076,6780540,7243142]},{"id":4613,"name":"Shell","type":22,"category":0,"actions":[],"coordinates":[[5962,31830]],"size":[1,1,30],"rotations":[0],"colors":[10068409,11844559,6381927]},{"id":4544,"name":"Strange wall","type":0,"category":0,"actions":["Study"],"coordinates":[[5966,31922]],"size":[1,1,240],"rotations":[0],"colors":[9998223,1450109,9410712,7834257,15856115,7835793,7243142,6780540,7241862,6782076,65536,2110916]},{"id":4413,"name":"Iron ladder","type":10,"category":0,"actions":["Climb"],"coordinates":[[5966,31906]],"size":[1,1,240],"rotations":[0],"colors":[15394272,6445915]},{"id":4545,"name":"Strange wall","type":0,"category":0,"actions":["Open"],"coordinates":[[5970,31922]],"size":[1,1,240],"rotations":[0],"colors":[7834257,6780540,7241862,9998223,7835793]},{"id":4412,"name":"Iron ladder","type":10,"category":0,"actions":["Climb"],"coordinates":[[5982,31958]],"size":[1,1,240],"rotations":[0],"colors":[15394272,6445915]}]