[{"id":4157,"name":"Portal","type":10,"category":0,"actions":["Use"],"coordinates":[[6414,10326],[6414,10282],[6418,10410],[6418,10370],[6426,10314],[6426,10294],[6426,10270],[6430,10398],[6430,10382],[6430,10358],[6438,10326],[6438,10282],[6442,10410],[6442,10370],[6462,10410],[6462,10326],[6462,10274],[6474,10422],[6474,10398],[6474,10382],[6474,10358],[6474,10338],[6474,10314],[6474,10286],[6474,10262],[6486,10410],[6486,10370],[6486,10326],[6486,10274],[6506,10414],[6506,10370],[6506,10282],[6510,10326],[6518,10426],[6518,10402],[6518,10382],[6518,10358],[6518,10294],[6518,10270],[6522,10338],[6522,10314],[6530,10370],[6534,10326],[6550,10414],[6554,10370],[6558,10326],[6562,10426],[6562,10402],[6566,10382],[6570,10338],[6574,10414],[6578,10370],[6582,10326]],"size":[1,1,67],"rotations":[0,0,0,0,0,0,0,0,0,0,0,0,0,0,0,0,0,0,0,0,0,0,0,0,0,0,0,0,0,0,0,0,0,0,0,0,0,0,0,0,0,0,0,0,0,0,0,0,0,0,0,0,0],"colors":[9239548]},{"id":3798,"name":"Corpse","type":10,"category":0,"actions":[],"coordinates":[[6418,10294],[6470,10422],[6470,10262],[6550,10418]],"size":[1,1,99],"rotations":[0,0,0,0],"colors":[14474976]},{"id":3797,"name":"Corpse","type":10,"category":0,"actions":[],"coordinates":[[6426,10366],[6482,10334]],"size":[1,1,67],"rotations":[0,0],"colors":[14474976]},{"id":4154,"name":"Portal","type":10,"category":0,"actions":["Use"],"coordinates":[[6426,10338]],"size":[1,1,67],"rotations":[0],"colors":[9239548]},{"id":4161,"name":"Escape rope","type":10,"category":0,"actions":["Climb-up"],"coordinates":[[6426,10326],[6426,10282],[6430,10370],[6474,10410],[6474,10370],[6474,10326],[6474,10274],[6518,10414],[6518,10370],[6518,10282],[6526,10322],[6562,10414],[6566,10370],[6570,10326]],"size":[1,1,291],"rotations":[0,0,0,0,0,0,0,0,0,0,0,0,0,0],"colors":[1073781,1470596,3178133]},{"id":4150,"name":"Portal","type":10,"category":0,"actions":["Use"],"coordinates":[[6430,10422]],"size":[1,1,67],"rotations":[0],"colors":[9239548]},{"id":4159,"name":"Ladder","type":10,"category":0,"actions":["Climb-up"],"coordinates":[[6430,10410]],"size":[1,1,232],"rotations":[0],"colors":[8169673,6724545]},{"id":4151,"name":"Portal","type":10,"category":0,"actions":["Use"],"coordinates":[[6462,10370]],"size":[1,1,67],"rotations":[0],"colors":[9239548]},{"id":724,"name":"Standing torch","type":10,"category":0,"actions":[],"coordinates":[[6462,10338]],"size":[1,1,174],"rotations":[0],"colors":[5142142,2965593,5865615,2109620,2992123,3006971]},{"id":3799,"name":"Corpse","type":10,"category":0,"actions":[],"coordinates":[[6488,10318],[6488,10286],[6512,10382],[6576,10426]],"size":[2,1,56],"rotations":[1,3,0,3],"colors":[14474976,11185077]},{"id":3802,"name":"Smashed chair","type":10,"category":0,"actions":[],"coordinates":[[6510,10314],[6570,10426]],"size":[1,1,69],"rotations":[0,0],"colors":[2974350]},{"id":4152,"name":"Portal","type":10,"category":0,"actions":["Use"],"coordinates":[[6530,10414]],"size":[1,1,67],"rotations":[0],"colors":[9239548]},{"id":4155,"name":"Portal","type":10,"category":0,"actions":["Use"],"coordinates":[[6530,10282]],"size":[1,1,67],"rotations":[0],"colors":[9239548]},{"id":4153,"name":"Portal","type":10,"category":0,"actions":["Use"],"coordinates":[[6566,10358]],"size":[1,1,67],"rotations":[0],"colors":[9239548]},{"id":4160,"name":"Ladder","type":10,"category":0,"actions":["Climb-up"],"coordinates":[[6566,10282]],"size":[1,1,232],"rotations":[0],"colors":[8169673,6724545]},{"id":652,"name":"null","type":22,"category":1684,"actions":[],"coordinates":[[6570,10422]],"size":[1,1,2],"rotations":[0],"colors":[1451916]},{"id":4156,"name":"Portal","type":10,"category":0,"actions":["Use"],"coordinates":[[6570,10314]],"size":[1,1,67],"rotations":[0],"colors":[9239548]}]