[{"id":28788,"name":"Rockslide","type":10,"category":0,"actions":[],"coordinates":[[6496,14088],[6500,14228],[6516,14092],[6520,14248],[6540,14264],[6560,14248],[6576,14232],[6616,14220]],"size":[2,2,87],"rotations":[0,0,0,0,0,0,0,0],"colors":[5540258]},{"id":28786,"name":"Rockfall","type":10,"category":0,"actions":["Clear"],"coordinates":[[6512,14084],[6528,14256],[6624,14216]],"size":[2,2,87],"rotations":[0,0,0],"colors":[5540258]},{"id":28789,"name":"Web","type":10,"category":0,"actions":["Slash"],"coordinates":[[6530,14102],[6562,14258],[6602,14278],[6618,14190]],"size":[1,1,208],"rotations":[0,0,0,0],"colors":[9437184,9437184]},{"id":28752,"name":"Rocks","type":10,"category":0,"actions":["Scale"],"coordinates":[[6554,14258],[6610,14278]],"size":[1,1,247],"rotations":[0,0],"colors":[5935531,6199733,4292763,4688552,8039621,7446197,7775677]},{"id":28796,"name":"Chest","type":10,"category":0,"actions":["Open","Unlock"],"coordinates":[[6578,14282],[6586,14238]],"size":[1,1,128],"rotations":[0,0],"colors":[2144441,9145493,13254912]},{"id":28791,"name":"Fire","type":10,"category":0,"actions":[],"coordinates":[[6588,14260]],"size":[2,2,195],"rotations":[0],"colors":[2992123,2589920,2320590,3000059,3003643,7045505,7042945,7635341,3889777]}]