[{"id":21120,"name":"Stepping Stone","type":10,"category":0,"actions":["Climb"],"coordinates":[[6426,34202],[6430,34202]],"size":[1,1,56],"rotations":[0,0],"colors":[15394272,14868691,14539193,14666912,15262429]},{"id":21121,"name":"Stepping Stone","type":10,"category":0,"actions":[],"coordinates":[[6430,34194],[6438,34194]],"size":[1,1,115],"rotations":[0,0],"colors":[15394272,14868691,14539193,14666912,15262429]},{"id":21095,"name":"Ice steps","type":10,"category":0,"actions":["Climb"],"coordinates":[[6446,34214]],"size":[1,1,220],"rotations":[0],"colors":[15525858,15592165,14539193,15592682]},{"id":21122,"name":"Stepping Stone","type":10,"category":0,"actions":[],"coordinates":[[6446,34194]],"size":[1,1,162],"rotations":[0],"colors":[15394272,14868691,14539193,14666912,15262429]},{"id":21123,"name":"Stepping Stone","type":10,"category":0,"actions":[],"coordinates":[[6446,34186]],"size":[1,1,196],"rotations":[0],"colors":[15394272,14868691,14539193,14666912,15262429]},{"id":21124,"name":"Stepping Stone","type":10,"category":0,"actions":[],"coordinates":[[6446,34178]],"size":[1,1,245],"rotations":[0],"colors":[15394272,14868691,14539193,14666912,15262429]}]