[{"id":554,"name":"Icicle","type":10,"category":0,"actions":[],"coordinates":[[6662,11174],[6674,11110],[6674,11086],[6706,11086],[6738,11054],[6766,11062],[6790,11042],[6850,11050]],"size":[1,1,299],"rotations":[0,0,0,0,0,0,0,0],"colors":[3307680]},{"id":555,"name":"Icicle","type":10,"category":0,"actions":[],"coordinates":[[6662,11170],[6666,11174],[6674,11114],[6674,11082],[6678,11110],[6678,11106],[6694,11134],[6698,11138],[6698,11090],[6706,11082],[6710,11086],[6734,11054],[6738,11058],[6742,11054],[6762,11062],[6766,11058],[6770,11062],[6786,11038],[6790,11038],[6794,11042],[6846,11050],[6850,11054],[6854,11050],[6874,11082],[6898,11114]],"size":[1,1,168],"rotations":[0,0,0,0,0,0,0,0,0,0,0,0,0,0,0,0,0,0,0,0,0,0,0,0,0],"colors":[3307680]},{"id":11922,"name":"Rockslide","type":10,"category":0,"actions":[],"coordinates":[[6680,11080],[6708,11056]],"size":[2,2,43],"rotations":[0,0],"colors":[5540258]},{"id":11920,"name":"Rockslide","type":10,"category":0,"actions":[],"coordinates":[[6680,11072]],"size":[2,2,87],"rotations":[0],"colors":[5540258]},{"id":651,"name":"Buried skeleton","type":10,"category":0,"actions":["Search"],"coordinates":[[6718,11060]],"size":[3,2,8],"rotations":[0],"colors":[14475488]},{"id":11923,"name":"Rockslide","type":10,"category":0,"actions":[],"coordinates":[[6716,11056],[6724,11076],[6872,11072],[6892,11124],[6892,11068]],"size":[2,2,43],"rotations":[0,0,0,0,0],"colors":[5540258]},{"id":375,"name":"Closed chest","type":10,"category":0,"actions":["Open"],"coordinates":[[6734,11162],[6742,11182],[6742,11178],[6766,11110],[6774,11110],[6790,11118],[6794,11118]],"size":[1,1,128],"rotations":[0,0,0,0,0,0,0],"colors":[2144441,9145493,13254912]},{"id":12576,"name":"Stalagmite","type":10,"category":0,"actions":[],"coordinates":[[6734,11158],[6782,11222]],"size":[1,1,168],"rotations":[0,0],"colors":[3307680]},{"id":378,"name":"Open chest","type":10,"category":0,"actions":["Search","Shut"],"coordinates":[[6742,11174],[6770,11110]],"size":[1,1,164],"rotations":[0,0],"colors":[13254912,9145493]},{"id":103,"name":"Closed chest","type":10,"category":0,"actions":["Open"],"coordinates":[[6746,11030],[6782,11078],[6822,11030],[6858,11090],[6886,11146],[6894,11038]],"size":[1,1,128],"rotations":[0,0,0,0,0,0],"colors":[2144441,9145493,13254912]},{"id":654,"name":"null","type":22,"category":1684,"actions":[],"coordinates":[[6750,11146],[6754,11162],[6770,11210],[6798,11166]],"size":[1,1,2],"rotations":[0,0,0,0],"colors":[1451916]},{"id":653,"name":"null","type":22,"category":1684,"actions":[],"coordinates":[[6750,11134],[6754,11182],[6770,11186],[6786,11138]],"size":[1,1,2],"rotations":[0,0,0,0],"colors":[1451916]},{"id":664,"name":"Corpse","type":10,"category":0,"actions":[],"coordinates":[[6758,11214]],"size":[1,1,67],"rotations":[0],"colors":[14474976]},{"id":1325,"name":"Roots","type":10,"category":0,"actions":[],"coordinates":[[6766,11222]],"size":[1,1,75],"rotations":[0],"colors":[1068652]},{"id":652,"name":"null","type":22,"category":1684,"actions":[],"coordinates":[[6766,11174],[6778,11174],[6794,11190],[6814,11158]],"size":[1,1,2],"rotations":[0,0,0,0],"colors":[1451916]},{"id":665,"name":"Corpse","type":10,"category":0,"actions":[],"coordinates":[[6778,11226]],"size":[1,1,99],"rotations":[0],"colors":[14474976]},{"id":666,"name":"Corpse","type":10,"category":0,"actions":[],"coordinates":[[6780,11114]],"size":[2,1,56],"rotations":[1],"colors":[14474976,11185077]}]