[{"id":19040,"name":"Stepping stone","type":22,"category":0,"actions":["Cross"],"coordinates":[[6658,12242]],"size":[1,1,4],"rotations":[0],"colors":[9145493]},{"id":21731,"name":"Vines","type":10,"category":0,"actions":["Chop-down"],"coordinates":[[6666,12174]],"size":[1,1,152],"rotations":[0],"colors":[7838117,6392987]},{"id":5072,"name":"Pillar","type":11,"category":0,"actions":[],"coordinates":[[6674,12194],[6674,12194],[6674,12154],[6674,12154],[6686,12210],[6686,12210],[6686,12138],[6686,12138],[6706,12206],[6706,12206],[6706,12142],[6706,12142],[6718,12198],[6718,12198],[6718,12150],[6718,12150],[6730,12190],[6730,12190],[6730,12158],[6730,12158],[6742,12182],[6742,12182],[6742,12166],[6742,12166]],"size":[1,1,240],"rotations":[0,0,0,0,0,0,0,0,0,0,0,0,0,0,0,0,0,0,0,0,0,0,0,0],"colors":[6199733,5865615,4688552,5935531,2109620,2992123,3006971,65536]},{"id":11934,"name":"Rockslide","type":10,"category":0,"actions":[],"coordinates":[[6680,12196],[6680,12184],[6680,12152],[6684,12144],[6692,12204]],"size":[2,2,43],"rotations":[0,0,0,0,0],"colors":[5540258]},{"id":11932,"name":"Rockslide","type":10,"category":0,"actions":[],"coordinates":[[6684,12204],[6692,12212],[6692,12136]],"size":[2,2,87],"rotations":[0,0,0],"colors":[5540258]},{"id":21741,"name":"Fungus","type":11,"category":0,"actions":[],"coordinates":[[6688,12164]],"size":[2,2,50],"rotations":[0],"colors":[7128316,12703721,9883382]},{"id":11933,"name":"Rockslide","type":10,"category":0,"actions":[],"coordinates":[[6692,12144]],"size":[2,2,43],"rotations":[0],"colors":[5540258]},{"id":11193,"name":"Rockslide","type":10,"category":0,"actions":[],"coordinates":[[6744,12256],[6796,12284]],"size":[2,2,43],"rotations":[0,0],"colors":[5540258]},{"id":20878,"name":"Exit","type":0,"category":0,"actions":["Leave"],"coordinates":[[6762,12174]],"size":[1,1,240],"rotations":[0],"colors":[1071989,65536,1467005,2780551,4028048,5143957,5540258]}]