[{"id":1171,"name":"Fungus","type":10,"category":0,"actions":[],"coordinates":[[6670,11330],[6682,11346],[6686,11314],[6698,11294],[6710,11422],[6714,11322],[6726,11410],[6726,11306],[6730,11490],[6730,11458],[6734,11338],[6750,11474],[6762,11450],[6790,11398],[6806,11442],[6834,11386]],"size":[1,1,50],"rotations":[0,0,0,0,0,0,0,0,0,0,0,0,0,0,0,0],"colors":[7128316,12703721,9883382]},{"id":12576,"name":"Stalagmite","type":10,"category":0,"actions":[],"coordinates":[[6674,11338],[6674,11314],[6682,11306],[6690,11326],[6690,11302],[6702,11326],[6706,11302],[6714,11346],[6714,11298],[6718,11302],[6722,11326],[6730,11318],[6802,11426],[6834,11350],[6838,11326],[6842,11342]],"size":[1,1,168],"rotations":[0,0,0,0,0,0,0,0,0,0,0,0,0,0,0,0],"colors":[3307680]},{"id":11186,"name":"Column","type":10,"category":0,"actions":[],"coordinates":[[6700,11304],[6716,11356],[6776,11472],[6784,11440]],"size":[2,2,720],"rotations":[0,0,0,0],"colors":[3307680]},{"id":362,"name":"Barrel","type":10,"category":0,"actions":[],"coordinates":[[6702,11462],[6702,11454],[6706,11454],[6706,11450],[6710,11402],[6710,11398],[6714,11394]],"size":[1,1,96],"rotations":[0,0,0,0,0,0,0],"colors":[4936448,8158597]},{"id":12575,"name":"Stalagmite","type":10,"category":0,"actions":[],"coordinates":[[6714,11334],[6730,11394],[6758,11454],[6778,11386],[6790,11406],[6798,11470],[6834,11342]],"size":[1,1,289],"rotations":[0,0,0,0,0,0,0],"colors":[3307680]},{"id":653,"name":"null","type":22,"category":1684,"actions":[],"coordinates":[[6718,11430],[6726,11426]],"size":[1,1,2],"rotations":[0,0],"colors":[1451916]},{"id":654,"name":"null","type":22,"category":1684,"actions":[],"coordinates":[[6722,11426]],"size":[1,1,2],"rotations":[0],"colors":[1451916]},{"id":724,"name":"Standing torch","type":10,"category":0,"actions":[],"coordinates":[[6734,11486],[6734,11454],[6734,11426],[6746,11486],[6746,11462],[6746,11434],[6746,11410]],"size":[1,1,174],"rotations":[0,0,0,0,0,0,0],"colors":[5142142,2965593,5865615,2109620,2992123,3006971]},{"id":359,"name":"Boxes","type":10,"category":0,"actions":["Search"],"coordinates":[[6734,11466]],"size":[1,1,100],"rotations":[0],"colors":[4936448]},{"id":360,"name":"Boxes","type":10,"category":0,"actions":["Search"],"coordinates":[[6734,11438],[6734,11434]],"size":[1,1,100],"rotations":[0,0],"colors":[4936448]},{"id":365,"name":"Sacks","type":11,"category":220,"actions":["Search"],"coordinates":[[6742,11398],[6746,11390]],"size":[1,1,42],"rotations":[0,0],"colors":[1806508]},{"id":11184,"name":"Column","type":11,"category":0,"actions":[],"coordinates":[[6772,11416]],"size":[2,2,720],"rotations":[0],"colors":[3307680]},{"id":12578,"name":"Stalagmite","type":11,"category":0,"actions":[],"coordinates":[[6770,11398]],"size":[1,1,80],"rotations":[0],"colors":[1800358]},{"id":16665,"name":"Staircase","type":10,"category":0,"actions":["Climb-up"],"coordinates":[[6804,11330]],"size":[2,3,240],"rotations":[3],"colors":[1800346,8684685,10000803,6381927]},{"id":11185,"name":"Column","type":11,"category":0,"actions":[],"coordinates":[[6808,11468]],"size":[2,2,720],"rotations":[0],"colors":[3307680]},{"id":1032,"name":"Danger sign","type":11,"category":0,"actions":[],"coordinates":[[6838,11362]],"size":[1,1,148],"rotations":[0],"colors":[1468044,4686504,16711422]}]