[{"id":11392,"name":"Rocks","type":10,"category":227,"actions":["Mine"],"coordinates":[[6926,13238],[6930,13190],[6950,13182],[6990,13270],[7038,13078]],"size":[1,1,135],"rotations":[0,0,0,0,0],"colors":[7039858]},{"id":11390,"name":"Rocks","type":10,"category":227,"actions":["Mine"],"coordinates":[[6926,13222],[6926,13202],[6938,13266],[6938,13182],[6950,13278],[6958,13290],[6970,13298],[6986,13198],[7018,13290],[7026,13290],[7038,13066]],"size":[1,1,84],"rotations":[0,0,0,0,0,0,0,0,0,0,0],"colors":[7039858,65536]},{"id":2932,"name":"Barrel","type":10,"category":0,"actions":["Smash"],"coordinates":[[6930,13130],[6930,13098],[6938,13138],[6946,13150],[6954,13122],[6954,13086],[6958,13134],[6978,13114],[6978,13094],[7010,13142]],"size":[1,1,96],"rotations":[0,0,0,0,0,0,0,0,0,0],"colors":[4936448,8158597]},{"id":2928,"name":"Carved rock","type":10,"category":0,"actions":["Look","Search"],"coordinates":[[6934,13242],[6962,13194],[6974,13274],[6990,13218],[6994,13250],[7002,13282],[7030,13266]],"size":[1,1,168],"rotations":[0,0,0,0,0,0,0],"colors":[3307680]},{"id":11391,"name":"Rocks","type":10,"category":227,"actions":["Mine"],"coordinates":[[6934,13186],[6950,13218],[6982,13242],[6990,13298],[7002,13298],[7002,13270],[7030,13090]],"size":[1,1,89],"rotations":[0,0,0,0,0,0,0],"colors":[7039858,65536]},{"id":2934,"name":"Winch","type":10,"category":0,"actions":["Search"],"coordinates":[[6948,13106]],"size":[4,5,176],"rotations":[3],"colors":[4424864,1076853,65536]},{"id":2930,"name":"Ancient Gate","type":10,"category":0,"actions":["Open","Search"],"coordinates":[[6956,13176],[6956,13160]],"size":[2,2,528],"rotations":[0,0],"colors":[11185077,65536,7039858,9145493,9605787,5137773,4934480]},{"id":12576,"name":"Stalagmite","type":10,"category":0,"actions":[],"coordinates":[[6954,13082],[6978,13142],[6990,13150],[7122,13070],[7122,13066],[7130,13090],[7134,13090],[7138,13094],[7142,13074]],"size":[1,1,168],"rotations":[0,0,0,0,0,0,0,0,0],"colors":[3307680]},{"id":12575,"name":"Stalagmite","type":10,"category":0,"actions":[],"coordinates":[[6958,13090],[6970,13126],[6974,13142],[6978,13138],[6994,13142],[7026,13190],[7030,13198],[7042,13226],[7042,13198],[7046,13214],[7050,13226],[7118,13070],[7122,13086],[7134,13094]],"size":[1,1,289],"rotations":[0,0,0,0,0,0,0,0,0,0,0,0,0,0],"colors":[3307680]},{"id":53242,"name":"Crevice","type":0,"category":0,"actions":["Squeeze-Through"],"coordinates":[[6962,13070],[6982,13070]],"size":[1,1,240],"rotations":[0,0],"colors":[65536,5540258,4028048,4028048,65536,5540258]},{"id":2904,"name":"Cave entrance","type":0,"category":0,"actions":["Walk through"],"coordinates":[[6994,13062]],"size":[1,1,240],"rotations":[0],"colors":[65536,5540258]},{"id":2903,"name":"Cave entrance","type":0,"category":0,"actions":["Walk through"],"coordinates":[[6998,13062]],"size":[1,1,240],"rotations":[0],"colors":[65536,5540258]},{"id":2927,"name":"Marked wall","type":9,"category":0,"actions":["Use","Search"],"coordinates":[[7010,13218],[7022,13210]],"size":[1,1,240],"rotations":[0,0],"colors":[6115328,5540258]},{"id":10790,"name":"Boulder","type":10,"category":0,"actions":[],"coordinates":[[7016,13072],[7036,13084]],"size":[2,2,87],"rotations":[0,0],"colors":[6178560]},{"id":10791,"name":"Boulder","type":10,"category":0,"actions":[],"coordinates":[[7020,13100]],"size":[2,2,53],"rotations":[0],"colors":[6178560]},{"id":2929,"name":"Buried skeleton","type":11,"category":0,"actions":["Search"],"coordinates":[[7022,13294]],"size":[1,1,27],"rotations":[0],"colors":[11185077,1065049,14474976]},{"id":2907,"name":"Bed","type":11,"category":0,"actions":["Search"],"coordinates":[[7036,13106]],"size":[2,3,23],"rotations":[2],"colors":[11719642,15856115,14212317,2578816]},{"id":1113,"name":"Stool","type":10,"category":0,"actions":[],"coordinates":[[7042,13102]],"size":[1,1,70],"rotations":[0],"colors":[6197685,8434380]},{"id":2906,"name":"Table","type":10,"category":155,"actions":["Search"],"coordinates":[[7042,13098]],"size":[1,1,100],"rotations":[0],"colors":[8434380,6197685,5016242,6718372]},{"id":2909,"name":"Fire Wall","type":9,"category":0,"actions":["Touch","Investigate"],"coordinates":[[7054,13118],[7054,13114],[7058,13122],[7058,13110],[7070,13134],[7070,13098],[7074,13138],[7074,13094],[7078,13138],[7078,13094],[7082,13134],[7082,13098],[7094,13122],[7094,13110],[7098,13118],[7098,13114]],"size":[1,1,187],"rotations":[0,0,0,0,0,0,0,0,0,0,0,0,0,0,0,0],"colors":[2992123,2589920,2320590,3000059,3003643]},{"id":2908,"name":"Fire Wall","type":0,"category":0,"actions":["Touch","Investigate"],"coordinates":[[7058,13130],[7058,13126],[7058,13106],[7058,13102],[7062,13134],[7062,13098],[7066,13134],[7066,13098],[7086,13134],[7086,13098],[7090,13134],[7090,13098],[7094,13130],[7094,13126],[7094,13106],[7094,13102]],"size":[1,1,187],"rotations":[0,0,0,0,0,0,0,0,0,0,0,0,0,0,0,0],"colors":[2992123,2589920,2320590,3000059,3003643,3003643,2992123,2589920,2320590,3000059,2992123,2589920,2320590,3000059,3003643]},{"id":2926,"name":"Jagged wall","type":9,"category":0,"actions":["Jump-over"],"coordinates":[[7062,13250],[7066,13246]],"size":[1,1,240],"rotations":[0,0],"colors":[4937216,4937216,4937216,4937216,4937216]},{"id":393,"name":"Bookcase","type":10,"category":0,"actions":["Search"],"coordinates":[[7066,13064]],"size":[1,2,168],"rotations":[1],"colors":[14147301,7845602,6197685,5720832,8434380]},{"id":2910,"name":"Desk","type":10,"category":155,"actions":["search"],"coordinates":[[7082,13122]],"size":[1,1,100],"rotations":[0],"colors":[8434380,6197685,5016242,6718372]},{"id":2911,"name":"Bookcase","type":10,"category":0,"actions":["Search"],"coordinates":[[7086,13072]],"size":[1,2,152],"rotations":[1],"colors":[14870764,6718372,6197685,3637934,8434380]},{"id":2905,"name":"Crate","type":10,"category":0,"actions":["Search"],"coordinates":[[7094,13146]],"size":[1,1,80],"rotations":[0],"colors":[13254912]},{"id":2918,"name":"Crevice","type":9,"category":0,"actions":["Look-at","Search"],"coordinates":[[7102,13066]],"size":[1,1,240],"rotations":[0],"colors":[65536,5540258,4028048,4028048,65536,5540258]},{"id":11185,"name":"Column","type":10,"category":0,"actions":[],"coordinates":[[7120,13284],[7136,13284],[7156,13292]],"size":[2,2,720],"rotations":[0,0,0],"colors":[3307680]},{"id":11186,"name":"Column","type":10,"category":0,"actions":[],"coordinates":[[7120,13276]],"size":[2,2,720],"rotations":[0],"colors":[3307680]},{"id":11932,"name":"Rockslide","type":10,"category":0,"actions":[],"coordinates":[[7136,13276]],"size":[2,2,87],"rotations":[0],"colors":[5540258]},{"id":11184,"name":"Column","type":10,"category":0,"actions":[],"coordinates":[[7144,13284]],"size":[2,2,720],"rotations":[0],"colors":[3307680]},{"id":11940,"name":"Column","type":10,"category":0,"actions":[],"coordinates":[[7144,13276]],"size":[2,2,720],"rotations":[0],"colors":[3307680]},{"id":2923,"name":"Ancient Gate","type":0,"category":0,"actions":["Open"],"coordinates":[[7142,13174]],"size":[1,1,528],"rotations":[0],"colors":[8684685,9145493,7039858,11185077,65536,8423817,9605787]},{"id":2921,"name":"Boulder","type":10,"category":0,"actions":["Smash-to-bits"],"coordinates":[[7144,13152]],"size":[2,2,239],"rotations":[0],"colors":[2582393]},{"id":2920,"name":"Boulder","type":10,"category":0,"actions":["Smash-to-bits"],"coordinates":[[7144,13136]],"size":[2,2,239],"rotations":[0],"colors":[2582393]},{"id":2919,"name":"Boulder","type":10,"category":0,"actions":["Smash-to-bits"],"coordinates":[[7144,13120]],"size":[2,2,239],"rotations":[0],"colors":[2582393]},{"id":2913,"name":"Ancient Gate","type":0,"category":0,"actions":["Open","Search"],"coordinates":[[7142,13102]],"size":[1,1,528],"rotations":[0],"colors":[11185077,65536,9145493,10461097,4936448,2142404,2139588]},{"id":2922,"name":"Ancient Gate","type":0,"category":0,"actions":["Open"],"coordinates":[[7146,13174]],"size":[1,1,528],"rotations":[0],"colors":[11185077,65536,9145493,7039858,8423817,9605787,8684685]},{"id":2912,"name":"Ancient Gate","type":0,"category":0,"actions":["Open","Search"],"coordinates":[[7146,13102]],"size":[1,1,528],"rotations":[0],"colors":[65536,9145493,10461097,2142404,2139588,4936448,11185077]},{"id":11942,"name":"Column","type":10,"category":0,"actions":[],"coordinates":[[7152,13284]],"size":[2,2,720],"rotations":[0],"colors":[3307680]}]