[{"id":5989,"name":"Gold vein","type":0,"category":199,"actions":["Mine"],"coordinates":[[7182,9794]],"size":[1,1,240],"rotations":[0],"colors":[7831166,7239286,6712428,3003643,5988962,65536]},{"id":5969,"name":"Cannonballs","type":10,"category":0,"actions":[],"coordinates":[[7182,9774]],"size":[1,1,48],"rotations":[0],"colors":[5723997]},{"id":5971,"name":"Cannonballs","type":10,"category":0,"actions":[],"coordinates":[[7182,9770]],"size":[1,1,48],"rotations":[0],"colors":[5723997]},{"id":5972,"name":"Cannonballs","type":10,"category":0,"actions":[],"coordinates":[[7186,9778]],"size":[1,1,48],"rotations":[0],"colors":[5723997]},{"id":5967,"name":"Cannonballs","type":10,"category":0,"actions":[],"coordinates":[[7190,9782]],"size":[1,1,48],"rotations":[0],"colors":[5723997]},{"id":5968,"name":"Cannonballs","type":10,"category":0,"actions":[],"coordinates":[[7190,9778]],"size":[1,1,48],"rotations":[0],"colors":[5723997]},{"id":5975,"name":"Dwarf MultiCannon","type":10,"category":0,"actions":["Fire"],"coordinates":[[7194,9766]],"size":[3,3,199],"rotations":[0],"colors":[12234671,9998223,65536,7104102,9011328]},{"id":5966,"name":"Passage","type":10,"category":0,"actions":[],"coordinates":[[7190,9734]],"size":[1,3,240],"rotations":[3],"colors":[7831166,7239286,65536,6712428,5988962,12234671]},{"id":5985,"name":"Rock","type":10,"category":0,"actions":[],"coordinates":[[7200,9908],[7200,9876],[7252,9900],[7292,9800],[7316,9908],[7340,9868],[7380,9848]],"size":[2,2,56],"rotations":[0,0,0,0,0,0,0],"colors":[11185077,15592170,11185077,15592170]},{"id":11365,"name":"Iron rocks","type":10,"category":218,"actions":["Mine"],"coordinates":[[7198,9798],[7222,9830],[7226,9814]],"size":[1,1,89],"rotations":[0,0,0],"colors":[7039858,65536]},{"id":5986,"name":"Small rock","type":10,"category":0,"actions":[],"coordinates":[[7206,9878],[7234,9882],[7242,9898],[7270,9870],[7274,9822],[7282,9814],[7290,9866],[7298,9906],[7306,9886],[7338,9882],[7350,9862],[7362,9882],[7370,9854]],"size":[1,1,56],"rotations":[0,0,0,0,0,0,0,0,0,0,0,0,0],"colors":[11185077,15592170,11185077,15592170]},{"id":5981,"name":"Fire","type":10,"category":0,"actions":[],"coordinates":[[7210,9766],[7218,9826],[7262,9762],[7270,9918],[7350,9838],[7378,9754]],"size":[1,1,84],"rotations":[0,0,0,0,0,0],"colors":[14149093,7054836,10286839,11185077,9145493,4934747,2332366,1471635,1781158]},{"id":11364,"name":"Iron rocks","type":10,"category":218,"actions":["Mine"],"coordinates":[[7230,9814]],"size":[1,1,84],"rotations":[0],"colors":[7039858,65536]},{"id":5998,"name":"Entrance","type":0,"category":0,"actions":["Go-through"],"coordinates":[[7258,9938]],"size":[1,1,240],"rotations":[0],"colors":[65536,5988962,6712428,7239286,4938587,4213836,4009261]},{"id":6043,"name":"Boiler","type":10,"category":0,"actions":[],"coordinates":[[7270,9888],[7418,9780]],"size":[1,2,245],"rotations":[1,2],"colors":[4013377,11649741,7635341,9607067,4934747]},{"id":5987,"name":"Rock","type":10,"category":0,"actions":[],"coordinates":[[7276,9736],[7292,9844],[7312,9872],[7352,9880]],"size":[2,2,17],"rotations":[0,0,0,0],"colors":[11185077,15592170]},{"id":11360,"name":"Tin rocks","type":10,"category":198,"actions":["Mine"],"coordinates":[[7322,9786],[7346,9754]],"size":[1,1,84],"rotations":[0,0],"colors":[7039858,65536]},{"id":6044,"name":"Boiler","type":10,"category":0,"actions":[],"coordinates":[[7326,9884]],"size":[1,2,245],"rotations":[1],"colors":[4013377,11649741,7635341,9607067,4934747]},{"id":11361,"name":"Tin rocks","type":10,"category":198,"actions":["Mine"],"coordinates":[[7338,9786],[7350,9746],[7358,9750]],"size":[1,1,89],"rotations":[0,0,0],"colors":[7039858,65536]},{"id":11366,"name":"Coal rocks","type":10,"category":200,"actions":["Mine"],"coordinates":[[7354,9946],[7354,9942],[7370,9954]],"size":[1,1,84],"rotations":[0,0,0],"colors":[7039858,65536]},{"id":11367,"name":"Coal rocks","type":10,"category":200,"actions":["Mine"],"coordinates":[[7354,9938],[7370,9934]],"size":[1,1,89],"rotations":[0,0],"colors":[7039858,65536]},{"id":6085,"name":"Stairs","type":10,"category":0,"actions":["Climb-up"],"coordinates":[[7390,9732]],"size":[1,2,220],"rotations":[0],"colors":[7239286,5988962,6712428,9472136,9998223]},{"id":10943,"name":"Copper rocks","type":10,"category":196,"actions":["Mine"],"coordinates":[[7394,9970]],"size":[1,1,84],"rotations":[0],"colors":[7039858,65536]},{"id":6108,"name":"Door","type":0,"category":0,"actions":["Open"],"coordinates":[[7394,9742]],"size":[1,1,240],"rotations":[0],"colors":[9998223,6453128,9011328]},{"id":11161,"name":"Copper rocks","type":10,"category":196,"actions":["Mine"],"coordinates":[[7398,9970]],"size":[1,1,89],"rotations":[0],"colors":[7039858,65536]},{"id":6036,"name":"Ship's ladder","type":10,"category":0,"actions":[],"coordinates":[[7402,9858]],"size":[1,1,80],"rotations":[0],"colors":[2974350]}]