[{"id":5038,"name":"Ice covered boulder","type":10,"category":0,"actions":[],"coordinates":[[7188,34800]],"size":[2,2,73],"rotations":[0],"colors":[9145493,16711422]},{"id":21177,"name":"Boat","type":10,"category":0,"actions":["Travel"],"coordinates":[[7288,34558]],"size":[6,3,158],"rotations":[2],"colors":[5148343,6724545,10467776,10927559,11388363,3889777,4941176,5992062,15132904,1780378,14740202,6780540,5730424,15262429]},{"id":33176,"name":"null","type":10,"category":210,"actions":[],"coordinates":[[7300,34692]],"size":[2,2,0],"rotations":[0],"colors":[]},{"id":33334,"name":"null","type":10,"category":1280,"actions":[],"coordinates":[[7304,34704]],"size":[2,2,0],"rotations":[0],"colors":[]},{"id":33312,"name":"Little boulder","type":10,"category":0,"actions":["Cross"],"coordinates":[[7310,34686]],"size":[1,1,0],"rotations":[0],"colors":[65536]},{"id":33184,"name":"Rockslide","type":22,"category":0,"actions":["Climb"],"coordinates":[[7314,34570]],"size":[1,1,53],"rotations":[0],"colors":[5540258]},{"id":33227,"name":"Hole","type":10,"category":0,"actions":["Descend"],"coordinates":[[7322,34654]],"size":[3,3,88],"rotations":[0],"colors":[14935015,13224400,11185077,8684685,9145493,13882329,8158597,8947856]},{"id":33185,"name":"Rockslide","type":22,"category":0,"actions":["Climb"],"coordinates":[[7318,34574],[7322,34574]],"size":[1,1,53],"rotations":[0,0],"colors":[5540258]},{"id":33190,"name":"Ledge","type":10,"category":0,"actions":["Cross"],"coordinates":[[7326,34586]],"size":[3,1,118],"rotations":[0],"colors":[65536]},{"id":3769,"name":"Fire","type":10,"category":152,"actions":[],"coordinates":[[7332,34688],[7400,34748]],"size":[2,2,195],"rotations":[0,0],"colors":[2992123,2589920,2320590,3000059,3003643,7045505,7042945,7635341,3889777]},{"id":33192,"name":"Fallen Tree","type":10,"category":0,"actions":["Pass"],"coordinates":[[7334,34608]],"size":[1,2,237],"rotations":[0],"colors":[65536]},{"id":33196,"name":"Skeleton","type":10,"category":0,"actions":["Search"],"coordinates":[[7336,34566]],"size":[2,1,56],"rotations":[1],"colors":[14474976,11185077]},{"id":33191,"name":"Rockslide","type":22,"category":0,"actions":["Climb"],"coordinates":[[7342,34586]],"size":[1,1,36],"rotations":[0],"colors":[5540258]},{"id":1291,"name":"Dead tree","type":10,"category":189,"actions":["Chop down"],"coordinates":[[7350,34810],[7370,34814],[7390,34794],[7398,34806],[7402,34814]],"size":[1,1,289],"rotations":[0,0,0,0,0],"colors":[1068652,15856371,1071989,16711422]},{"id":19215,"name":"Boulder","type":10,"category":0,"actions":["Set-trap"],"coordinates":[[7356,34814],[7372,34806],[7392,34814],[7400,34798],[7416,34814]],"size":[2,1,124],"rotations":[1,3,2,3,0],"colors":[10000803,10790320,9145493]},{"id":11922,"name":"Rockslide","type":10,"category":0,"actions":[],"coordinates":[[7356,34640]],"size":[2,2,43],"rotations":[0],"colors":[5540258]},{"id":33233,"name":"Weiss banner","type":10,"category":0,"actions":[],"coordinates":[[7360,34706],[7384,34654],[7404,34654]],"size":[2,1,374],"rotations":[0,2,2],"colors":[10073017,10927559,6780540,8294809]},{"id":724,"name":"Standing torch","type":10,"category":0,"actions":[],"coordinates":[[7362,34638],[7370,34638],[7374,34706],[7390,34662],[7398,34662],[7414,34706],[7414,34666]],"size":[1,1,174],"rotations":[0,0,0,0,0,0,0],"colors":[5142142,2965593,5865615,2109620,2992123,3006971]},{"id":46815,"name":"null","type":0,"category":0,"actions":["Squeeze-through"],"coordinates":[[7370,34678]],"size":[1,1,0],"rotations":[0],"colors":[]},{"id":33309,"name":"Pile of Buckets","type":10,"category":0,"actions":["Take-from"],"coordinates":[[7374,34694]],"size":[1,1,86],"rotations":[0],"colors":[6133168,10000803,10790320,3177627,2582400,1071989]},{"id":33234,"name":"Stairs","type":10,"category":0,"actions":["Descend"],"coordinates":[[7376,34670]],"size":[2,3,0],"rotations":[0],"colors":[5540258,2780551,4946320,2582400,65536,1060185,1068652]},{"id":33308,"name":"Barrel of Water","type":10,"category":241,"actions":[],"coordinates":[[7380,34700]],"size":[2,2,190],"rotations":[0],"colors":[8158597,8684685,7566202,7039858,9275524,9145493,10061694,14935015,12954234,10850423,16573301,16312232]},{"id":33333,"name":"null","type":10,"category":152,"actions":[],"coordinates":[[7408,34700]],"size":[2,2,0],"rotations":[0],"colors":[]},{"id":33224,"name":"Efh salt","type":10,"category":1277,"actions":[],"coordinates":[[7422,34744]],"size":[1,2,124],"rotations":[3],"colors":[13480369]}]