[{"id":3808,"name":"Rocks","type":10,"category":0,"actions":[],"coordinates":[[7440,35724],[7444,35804],[7484,35684]],"size":[2,2,45],"rotations":[0,0,0],"colors":[7042945,8294809,7635341,7045505]},{"id":3794,"name":"Grass","type":10,"category":0,"actions":[],"coordinates":[[7442,35746],[7458,35738],[7470,35682],[7474,35722]],"size":[1,1,103],"rotations":[0,0,0,0],"colors":[1812119,7042945,8294809,7635341,7045505]},{"id":3807,"name":"Rocks","type":10,"category":0,"actions":[],"coordinates":[[7446,35794],[7450,35794],[7454,35798],[7510,35738],[7514,35738]],"size":[1,1,45],"rotations":[0,0,0,0,0],"colors":[7042945,8294809,7635341,7045505]},{"id":3803,"name":"Rocks","type":22,"category":0,"actions":["Climb"],"coordinates":[[7446,35698],[7458,35786]],"size":[1,1,36],"rotations":[0,0],"colors":[5540258]},{"id":3804,"name":"Rocks","type":22,"category":0,"actions":["Climb"],"coordinates":[[7446,35694],[7454,35786]],"size":[1,1,32],"rotations":[0,0],"colors":[5540258]},{"id":29032,"name":"null","type":10,"category":960,"actions":["Build","Search"],"coordinates":[[7450,35726]],"size":[1,1,0],"rotations":[0],"colors":[]},{"id":3805,"name":"Rocks","type":10,"category":0,"actions":[],"coordinates":[[7454,35738],[7458,35742],[7462,35742],[7490,35666],[7550,35730]],"size":[1,1,45],"rotations":[0,0,0,0,0],"colors":[7042945,8294809,7635341,7045505]},{"id":3806,"name":"Rocks","type":10,"category":0,"actions":[],"coordinates":[[7468,35652],[7480,35732],[7540,35756]],"size":[2,2,45],"rotations":[0,0,0],"colors":[7042945,8294809,7635341,7045505]},{"id":3823,"name":"Sign","type":10,"category":0,"actions":[],"coordinates":[[7470,35746]],"size":[1,1,148],"rotations":[0],"colors":[1468044,4686504,16711422]},{"id":3759,"name":"Cave Entrance","type":10,"category":0,"actions":["Enter"],"coordinates":[[7478,35740]],"size":[3,2,238],"rotations":[0],"colors":[1468044,1463165,65536,4157,1054297,1059436]},{"id":16524,"name":"Rocks","type":22,"category":0,"actions":["Climb"],"coordinates":[[7510,35710],[7514,35710]],"size":[1,1,53],"rotations":[0,0],"colors":[5540258]},{"id":3757,"name":"Cave Entrance","type":10,"category":0,"actions":["Enter"],"coordinates":[[7538,35820]],"size":[3,2,238],"rotations":[2],"colors":[1468044,1463165,65536,4157,1054297,1059436]},{"id":16523,"name":"Rocks","type":22,"category":0,"actions":["Climb"],"coordinates":[[7538,35702],[7542,35698]],"size":[1,1,53],"rotations":[0,0],"colors":[5540258]},{"id":3748,"name":"Rocks","type":10,"category":0,"actions":["Climb"],"coordinates":[[7546,35686],[7546,35682]],"size":[1,1,87],"rotations":[0,0],"colors":[5540258]},{"id":16545,"name":"Rocks","type":22,"category":0,"actions":["Climb"],"coordinates":[[7570,35742],[7574,35742],[7594,35742],[7598,35738]],"size":[1,1,12],"rotations":[0,0,0,0],"colors":[3305120,3767475,3637934]}]