[{"id":33222,"name":"Te salt","type":10,"category":1277,"actions":[],"coordinates":[[7438,34686]],"size":[3,3,91],"rotations":[0],"colors":[11645645]},{"id":33233,"name":"Weiss banner","type":10,"category":0,"actions":[],"coordinates":[[7448,34638],[7472,34706]],"size":[2,1,374],"rotations":[0,1],"colors":[10073017,10927559,6780540,8294809]},{"id":33223,"name":"Urt salt","type":11,"category":1277,"actions":[],"coordinates":[[7452,34684]],"size":[2,2,354],"rotations":[0],"colors":[11652529]},{"id":33214,"name":"Goat poo","type":10,"category":0,"actions":["Pick-up"],"coordinates":[[7458,34654],[7458,34650]],"size":[1,1,25],"rotations":[0,0],"colors":[11185077]},{"id":33219,"name":"Fence","type":0,"category":0,"actions":["Cross"],"coordinates":[[7466,34638]],"size":[1,1,248],"rotations":[0],"colors":[8563893,13882329,10204093,9743026,9149864,7639457]},{"id":11920,"name":"Rockslide","type":10,"category":0,"actions":[],"coordinates":[[7496,34604]],"size":[2,2,87],"rotations":[0],"colors":[5540258]}]