[{"id":11389,"name":"Amethyst crystals","type":0,"category":967,"actions":["Mine"],"coordinates":[[7938,11590],[7938,11582],[7946,11566],[7946,11550],[7946,11522],[7950,11542],[7954,11586],[7974,11622],[7974,11614],[7982,11634],[7986,11618],[7990,11634],[7994,11626],[7998,11638],[8002,11626],[8010,11638],[8010,11622],[8010,11614],[8018,11606],[8022,11622],[8022,11618]],"size":[1,1,246],"rotations":[0,0,0,0,0,0,0,0,0,0,0,0,0,0,0,0,0,0,0,0,0],"colors":[4946320,5340314,5538466,5143957,5540258,4947600,12625878]},{"id":11388,"name":"Amethyst crystals","type":0,"category":967,"actions":["Mine"],"coordinates":[[7938,11586],[7942,11606],[7942,11558],[7942,11522],[7950,11598],[7950,11574],[7954,11590],[7954,11582],[7974,11626],[7974,11618],[7978,11606],[7986,11634],[7998,11626],[8002,11638],[8006,11638],[8006,11626],[8010,11618],[8018,11602],[8022,11626],[8022,11614]],"size":[1,1,246],"rotations":[0,0,0,0,0,0,0,0,0,0,0,0,0,0,0,0,0,0,0,0],"colors":[12625878,4946320,5340314,5538466,5143957,5540258,4947600]},{"id":10945,"name":"Crate","type":10,"category":0,"actions":[],"coordinates":[[7954,11562]],"size":[1,1,160],"rotations":[0],"colors":[13254912]},{"id":4483,"name":"Bank chest","type":10,"category":237,"actions":["Use","Collect"],"coordinates":[[7954,11558]],"size":[1,1,164],"rotations":[0],"colors":[13254912,9145493]},{"id":10803,"name":"Boxes","type":10,"category":0,"actions":[],"coordinates":[[7954,11554]],"size":[1,1,100],"rotations":[0],"colors":[4936448]},{"id":10802,"name":"Boxes","type":11,"category":0,"actions":[],"coordinates":[[7958,11566]],"size":[1,1,100],"rotations":[0],"colors":[4936448]},{"id":10529,"name":"Bank Deposit Box","type":11,"category":276,"actions":["Deposit"],"coordinates":[[7958,11550]],"size":[1,1,240],"rotations":[0],"colors":[9145493,1467005,6178560,10000803,65536]},{"id":26813,"name":"null","type":10,"category":761,"actions":[],"coordinates":[[7962,11566]],"size":[1,1,0],"rotations":[0],"colors":[]},{"id":11366,"name":"Coal rocks","type":11,"category":200,"actions":["Mine"],"coordinates":[[7966,11542],[7970,11562],[7970,11526],[7982,11574],[8002,11562],[8002,11542],[8014,11574],[8042,11570],[8050,11546],[8070,11550]],"size":[1,1,84],"rotations":[0,0,0,0,0,0,0,0,0,0],"colors":[7039858,65536]},{"id":11367,"name":"Coal rocks","type":11,"category":200,"actions":["Mine"],"coordinates":[[7978,11570],[7982,11558],[7998,11566],[8006,11554],[8014,11534],[8018,11562],[8034,11538],[8046,11542],[8066,11558],[8082,11546]],"size":[1,1,89],"rotations":[0,0,0,0,0,0,0,0,0,0],"colors":[7039858,65536]},{"id":12575,"name":"Stalagmite","type":10,"category":0,"actions":[],"coordinates":[[7982,11538],[8010,11594],[8030,11566],[8058,11554],[8098,11558],[8110,11534]],"size":[1,1,289],"rotations":[0,0,0,0,0,0],"colors":[3307680]},{"id":11364,"name":"Iron rocks","type":10,"category":218,"actions":["Mine"],"coordinates":[[7986,11546],[8006,11530],[8018,11550],[8022,11546],[8026,11550]],"size":[1,1,84],"rotations":[0,0,0,0,0],"colors":[7039858,65536]},{"id":11365,"name":"Iron rocks","type":11,"category":218,"actions":["Mine"],"coordinates":[[7990,11550],[7990,11542],[8002,11526]],"size":[1,1,89],"rotations":[0,0,0],"colors":[7039858,65536]},{"id":10782,"name":"Rock","type":10,"category":0,"actions":[],"coordinates":[[7994,11590],[8106,11562]],"size":[1,1,54],"rotations":[0,0],"colors":[5540258]},{"id":11374,"name":"Adamantite rocks","type":10,"category":197,"actions":["Mine"],"coordinates":[[8026,11530],[8058,11578],[8062,11542],[8090,11526],[8094,11530]],"size":[1,1,84],"rotations":[0,0,0,0,0],"colors":[7039858,65536]},{"id":11372,"name":"Mithril rocks","type":11,"category":252,"actions":["Mine"],"coordinates":[[8034,11566],[8046,11558],[8062,11526],[8078,11534],[8094,11558]],"size":[1,1,84],"rotations":[0,0,0,0,0],"colors":[7039858,65536]},{"id":12576,"name":"Stalagmite","type":10,"category":0,"actions":[],"coordinates":[[8034,11526],[8118,11558]],"size":[1,1,168],"rotations":[0,0],"colors":[3307680]},{"id":11373,"name":"Mithril rocks","type":11,"category":252,"actions":["Mine"],"coordinates":[[8038,11554],[8042,11526],[8066,11574],[8070,11570],[8074,11538]],"size":[1,1,89],"rotations":[0,0,0,0,0],"colors":[7039858,65536]},{"id":11375,"name":"Adamantite rocks","type":10,"category":197,"actions":["Mine"],"coordinates":[[8050,11530],[8054,11566],[8082,11566]],"size":[1,1,89],"rotations":[0,0,0],"colors":[7039858,65536]},{"id":10785,"name":"Rock","type":10,"category":0,"actions":[],"coordinates":[[8070,11522]],"size":[1,1,56],"rotations":[0],"colors":[5540258]},{"id":11377,"name":"Runite rocks","type":11,"category":202,"actions":["Mine"],"coordinates":[[8122,11530]],"size":[1,1,89],"rotations":[0],"colors":[7039858,65536]},{"id":11376,"name":"Runite rocks","type":10,"category":202,"actions":["Mine"],"coordinates":[[8130,11546]],"size":[1,1,84],"rotations":[0],"colors":[7039858,65536]}]