[{"id":9734,"name":"Oak tree","type":10,"category":0,"actions":["Chop down"],"coordinates":[[8106,38194],[8114,38186],[8118,38202],[8166,38162],[8178,38170]],"size":[3,3,435],"rotations":[0,0,0,0,0],"colors":[4017253,4419840]},{"id":9730,"name":"Tree","type":10,"category":0,"actions":["Chop down"],"coordinates":[[8108,38204],[8116,38172],[8132,38204]],"size":[2,2,290],"rotations":[0,0,0],"colors":[4017253,4419840]},{"id":1394,"name":"Plant","type":10,"category":0,"actions":[],"coordinates":[[8172,38148],[8188,38156],[8188,38148]],"size":[2,2,142],"rotations":[0,0,0],"colors":[9145493,11185077,10000803]}]