[{"id":12575,"name":"Stalagmite","type":10,"category":0,"actions":[],"coordinates":[[8226,11242],[8246,11242],[8286,11182],[8290,11090],[8298,11202],[8302,11122],[8310,11126],[8310,11074],[8314,11238],[8318,11086],[8342,11130],[8346,11042],[8350,11118],[8362,11070],[8370,11118],[8386,11022],[8394,11082]],"size":[1,1,289],"rotations":[0,0,0,0,0,0,0,0,0,0,0,0,0,0,0,0,0],"colors":[3307680]},{"id":12576,"name":"Stalagmite","type":10,"category":0,"actions":[],"coordinates":[[8226,11226],[8230,11234],[8242,11242],[8242,11202],[8254,11182],[8258,11182],[8258,11178],[8286,11178],[8286,11090],[8290,11182],[8290,11094],[8294,11086],[8302,11086],[8306,11122],[8306,11078],[8310,11110],[8314,11222],[8314,11082],[8314,11074],[8318,11230],[8322,11086],[8338,11130],[8342,11126],[8342,11050],[8346,11118],[8350,11122],[8350,11110],[8350,11094],[8350,11042],[8350,11038],[8354,11118],[8358,11074],[8362,11110],[8366,11118],[8366,11074],[8366,11066],[8370,11114],[8374,11118],[8378,11042],[8382,11022],[8382,11018],[8386,11102],[8386,11070],[8390,11082],[8390,11026],[8394,11078],[8398,11086],[8398,11074],[8398,11062]],"size":[1,1,168],"rotations":[0,0,0,0,0,0,0,0,0,0,0,0,0,0,0,0,0,0,0,0,0,0,0,0,0,0,0,0,0,0,0,0,0,0,0,0,0,0,0,0,0,0,0,0,0,0,0,0,0],"colors":[3307680]},{"id":29494,"name":"Skeleton","type":10,"category":0,"actions":[],"coordinates":[[8242,11238]],"size":[1,1,99],"rotations":[0],"colors":[14474976]},{"id":29493,"name":"Corpse","type":10,"category":0,"actions":[],"coordinates":[[8252,11242]],"size":[2,1,99],"rotations":[0],"colors":[7566202,10790320,14474976]},{"id":724,"name":"Standing torch","type":10,"category":0,"actions":[],"coordinates":[[8266,11202],[8278,11202],[8342,11046],[8358,11054],[8358,11030],[8370,11110],[8394,11030],[8402,11046]],"size":[1,1,174],"rotations":[0,0,0,0,0,0,0,0],"colors":[5142142,2965593,5865615,2109620,2992123,3006971]},{"id":29491,"name":"Rocks","type":10,"category":0,"actions":["Climb"],"coordinates":[[8270,11210],[8270,11206],[8274,11210],[8274,11206]],"size":[1,1,87],"rotations":[0,0,0,0],"colors":[5540258]},{"id":29489,"name":"Gate","type":0,"category":983,"actions":["Open"],"coordinates":[[8270,11170]],"size":[1,1,240],"rotations":[0],"colors":[65536,8684685,11185077]},{"id":29488,"name":"Gate","type":0,"category":983,"actions":["Open"],"coordinates":[[8274,11170]],"size":[1,1,240],"rotations":[0],"colors":[65536,8684685,11185077]},{"id":29487,"name":"Gate","type":0,"category":982,"actions":["Open"],"coordinates":[[8286,11102]],"size":[1,1,240],"rotations":[0],"colors":[65536,8684685,11185077]},{"id":29486,"name":"Gate","type":0,"category":982,"actions":["Open"],"coordinates":[[8286,11098]],"size":[1,1,240],"rotations":[0],"colors":[65536,8684685,11185077]},{"id":11184,"name":"Column","type":11,"category":0,"actions":[],"coordinates":[[8292,11112],[8364,11044]],"size":[2,2,720],"rotations":[0,0],"colors":[3307680]},{"id":700,"name":"Curved bone","type":11,"category":0,"actions":[],"coordinates":[[8298,11122],[8350,11126]],"size":[1,1,36],"rotations":[0,0],"colors":[16711422]},{"id":702,"name":"Large bone","type":11,"category":0,"actions":[],"coordinates":[[8306,11126],[8350,11130]],"size":[1,1,20],"rotations":[0,0],"colors":[16316664]},{"id":661,"name":"Corpse","type":10,"category":0,"actions":[],"coordinates":[[8314,11134]],"size":[1,1,99],"rotations":[0],"colors":[14474976]},{"id":11186,"name":"Column","type":11,"category":0,"actions":[],"coordinates":[[8316,11112],[8376,11108],[8384,11084],[8392,11040]],"size":[2,2,720],"rotations":[0,0,0,0],"colors":[3307680]},{"id":663,"name":"Corpse","type":11,"category":0,"actions":[],"coordinates":[[8320,11134]],"size":[2,1,99],"rotations":[0],"colors":[7566202,10790320,14474976]},{"id":660,"name":"Corpse","type":10,"category":0,"actions":[],"coordinates":[[8318,11126],[8326,11134],[8330,11138]],"size":[1,1,67],"rotations":[0,0,0],"colors":[14474976]},{"id":356,"name":"Crate","type":10,"category":0,"actions":["Search"],"coordinates":[[8318,11074],[8386,11106]],"size":[1,1,80],"rotations":[0,0],"colors":[13254912]},{"id":662,"name":"Corpse","type":10,"category":0,"actions":[],"coordinates":[[8324,11130],[8340,11138]],"size":[2,1,56],"rotations":[1,0],"colors":[14474976,11185077]},{"id":2791,"name":"Counter","type":10,"category":156,"actions":[],"coordinates":[[8324,11102],[8360,11062]],"size":[2,1,130],"rotations":[3,1],"colors":[3178133,4690600,4294299,5937067,6201525]},{"id":357,"name":"Crate","type":10,"category":0,"actions":["Search"],"coordinates":[[8322,11074],[8382,11110],[8398,11090]],"size":[1,1,80],"rotations":[0,0,0],"colors":[13254912,4292763]},{"id":697,"name":"Animal skull","type":11,"category":0,"actions":[],"coordinates":[[8334,11134],[8346,11134]],"size":[1,1,71],"rotations":[0,0],"colors":[65536,15988213]},{"id":11185,"name":"Column","type":11,"category":0,"actions":[],"coordinates":[[8348,11076],[8396,11068]],"size":[2,2,720],"rotations":[0,0],"colors":[3307680]},{"id":17385,"name":"Ladder","type":10,"category":0,"actions":["Climb-up"],"coordinates":[[8370,11022]],"size":[1,1,264],"rotations":[0],"colors":[4290715,2130612,4936448,16711422]}]