[{"id":10553,"name":"Portcullis","type":0,"category":0,"actions":["Open"],"coordinates":[[8630,11398]],"size":[1,1,236],"rotations":[0],"colors":[10987698,9868959]},{"id":10554,"name":"Ladder","type":10,"category":0,"actions":["Climb-up"],"coordinates":[[8638,11398]],"size":[1,1,224],"rotations":[0],"colors":[4290715]},{"id":10556,"name":"Champion Statue","type":10,"category":0,"actions":["Open"],"coordinates":[[8642,11398]],"size":[1,1,34],"rotations":[0],"colors":[10467776,12308179,11388363,13683913,12696759]},{"id":10560,"name":"Ladder","type":10,"category":0,"actions":["Climb-up"],"coordinates":[[8666,11398]],"size":[1,1,224],"rotations":[0],"colors":[4290715]}]