[{"id":14514,"name":"Tree","type":10,"category":0,"actions":[],"coordinates":[[9382,34022],[9386,34018],[9414,34010],[9430,34002]],"size":[1,1,415],"rotations":[0,0,0,0],"colors":[1076076,2586745,1473900,1076311]},{"id":652,"name":"null","type":22,"category":1684,"actions":[],"coordinates":[[9386,34042],[9386,34030],[9394,34030],[9398,34034]],"size":[1,1,2],"rotations":[0,0,0,0],"colors":[1451916]},{"id":653,"name":"null","type":22,"category":1684,"actions":[],"coordinates":[[9390,34038],[9398,34018],[9402,34042]],"size":[1,1,2],"rotations":[0,0,0],"colors":[1451916]},{"id":654,"name":"null","type":22,"category":1684,"actions":[],"coordinates":[[9390,34034]],"size":[1,1,2],"rotations":[0],"colors":[1451916]},{"id":14513,"name":"Tree","type":10,"category":0,"actions":[],"coordinates":[[9424,34008]],"size":[2,2,487],"rotations":[0],"colors":[1076076,2586745,1070937]}]