[{"id":14646,"name":"Skeleton","type":10,"category":0,"actions":[],"coordinates":[[9500,9914]],"size":[2,1,56],"rotations":[0],"colors":[14474976,11185077]},{"id":40391,"name":"Opening","type":10,"category":0,"actions":["Exit"],"coordinates":[[9530,9844]],"size":[3,2,240],"rotations":[0],"colors":[7039858,8158597,8684685,6381927,7566202,65536]},{"id":53259,"name":"Crevice","type":0,"category":0,"actions":["Squeeze-Through"],"coordinates":[[9646,9982],[9646,9970]],"size":[1,1,240],"rotations":[0,0],"colors":[8684685,8158597,7566202,7039858,6381927,65536,9605787,4934480]},{"id":14703,"name":"Skeleton","type":10,"category":0,"actions":[],"coordinates":[[9654,9842]],"size":[1,1,67],"rotations":[0],"colors":[14474976]}]