[{"id":3444,"name":"Gate","type":0,"category":0,"actions":["Open"],"coordinates":[[9526,10850]],"size":[1,1,240],"rotations":[0],"colors":[65536,8684685,11185077]},{"id":17385,"name":"Ladder","type":10,"category":0,"actions":["Climb-up"],"coordinates":[[9526,10802]],"size":[1,1,264],"rotations":[0],"colors":[4290715,2130612,4936448,16711422]},{"id":3493,"name":"Monument","type":10,"category":169,"actions":["Study","Take-from"],"coordinates":[[9574,10868]],"size":[1,2,218],"rotations":[3],"colors":[3010043,8563893,14936038,11185077,5540258,1076076,6178560]},{"id":653,"name":"null","type":22,"category":1684,"actions":[],"coordinates":[[9574,10858]],"size":[1,1,2],"rotations":[0],"colors":[1451916]},{"id":654,"name":"null","type":22,"category":1684,"actions":[],"coordinates":[[9578,10862]],"size":[1,1,2],"rotations":[0],"colors":[1451916]},{"id":3499,"name":"Monument","type":10,"category":169,"actions":["Study","Take-from"],"coordinates":[[9580,10852]],"size":[2,2,218],"rotations":[0],"colors":[3010043,6178560,9605787,8563893,11185077,14936038,1076076]},{"id":652,"name":"null","type":22,"category":1684,"actions":[],"coordinates":[[9586,10898]],"size":[1,1,2],"rotations":[0],"colors":[1451916]},{"id":3496,"name":"Monument","type":10,"category":169,"actions":["Study","Take-from"],"coordinates":[[9598,10892]],"size":[1,2,218],"rotations":[2],"colors":[3010043,8563893,14936038,11185077,5540258,1076076,6178560]},{"id":3485,"name":"Well","type":10,"category":0,"actions":["Search"],"coordinates":[[9598,10870]],"size":[1,1,75],"rotations":[0],"colors":[5540258,5143957,4028048,2780551,1467005,1071989,1068652,11581,2773053]},{"id":3494,"name":"Monument","type":10,"category":169,"actions":["Study","Take-from"],"coordinates":[[9598,10848]],"size":[1,2,218],"rotations":[0],"colors":[3010043,8563893,14936038,11185077,5540258,1076076,6178560]},{"id":3498,"name":"Monument","type":10,"category":169,"actions":["Study","Take-from"],"coordinates":[[9616,10888]],"size":[2,2,218],"rotations":[0],"colors":[3010043,6178560,9605787,8563893,11185077,14936038,1076076]},{"id":3497,"name":"Monument","type":10,"category":169,"actions":["Study","Take-from"],"coordinates":[[9616,10852]],"size":[2,2,218],"rotations":[0],"colors":[3010043,6178560,9605787,8563893,11185077,14936038,1076076]},{"id":3495,"name":"Monument","type":10,"category":169,"actions":["Study","Take-from"],"coordinates":[[9618,10868]],"size":[1,2,218],"rotations":[1],"colors":[3010043,8563893,14936038,11185077,5540258,1076076,6178560]},{"id":3445,"name":"Gate","type":0,"category":0,"actions":["Open"],"coordinates":[[9630,10842]],"size":[1,1,240],"rotations":[0],"colors":[65536,8684685,11185077]},{"id":1017,"name":"Shelves","type":10,"category":0,"actions":[],"coordinates":[[9658,10830],[9674,10850],[9674,10834]],"size":[1,1,224],"rotations":[0,0,0],"colors":[2582393,4288637,1071980,5540258,8166573,8034473]},{"id":1016,"name":"Shelves","type":10,"category":0,"actions":[],"coordinates":[[9662,10830],[9674,10846]],"size":[1,1,224],"rotations":[0,0],"colors":[2582393,4288637,1071980,5540258,8166573]},{"id":3443,"name":"Holy barrier","type":10,"category":0,"actions":["Pass-through"],"coordinates":[[9666,10886]],"size":[1,1,256],"rotations":[0],"colors":[65536,4936448,15451648,5540258,7042945,6178560]},{"id":1015,"name":"Shelves","type":10,"category":0,"actions":[],"coordinates":[[9666,10830],[9674,10842]],"size":[1,1,208],"rotations":[0,0],"colors":[2582393,4288637,1071980]},{"id":1018,"name":"Shelves","type":10,"category":0,"actions":[],"coordinates":[[9670,10830]],"size":[1,1,208],"rotations":[0],"colors":[2582393,4288637,1071980,5996692,5540258,8034473]},{"id":12765,"name":"Keyhole","type":10,"category":0,"actions":["Inspect"],"coordinates":[[9678,10838]],"size":[1,1,256],"rotations":[0],"colors":[5540258,7042945,6178560,4936448,65536,8481643,10721438,11116452]}]