[{"id":19395,"name":"Cactus","type":10,"category":0,"actions":["Inspect"],"coordinates":[[9476,37980]],"size":[2,2,128],"rotations":[0],"colors":[1812119,12505301]},{"id":19430,"name":"Disturbed sand","type":22,"category":0,"actions":["Search","Attack"],"coordinates":[[9478,37942],[9506,37974],[9526,37934],[9534,37946],[9550,37998],[9562,37946]],"size":[1,1,87],"rotations":[0,0,0,0,0,0],"colors":[2972269,2972269]},{"id":19388,"name":"Cactus","type":10,"category":0,"actions":["Inspect"],"coordinates":[[9480,37912]],"size":[2,2,128],"rotations":[0],"colors":[1812119,12505301]},{"id":1405,"name":"Cactus","type":10,"category":0,"actions":[],"coordinates":[[9488,38072],[9540,38084],[9548,38096],[9548,38060],[9596,38132],[9648,37924],[9688,38100]],"size":[2,2,169],"rotations":[0,0,0,0,0,0,0],"colors":[1475712,1073762]},{"id":19552,"name":"Burrow","type":11,"category":0,"actions":["Inspect"],"coordinates":[[9490,38006]],"size":[1,1,178],"rotations":[0],"colors":[11393507,9555675,1473932,4428448,6400697,8174537]},{"id":19391,"name":"Cactus","type":10,"category":0,"actions":["Inspect"],"coordinates":[[9492,37944]],"size":[2,2,169],"rotations":[0],"colors":[1475712,1073762]},{"id":2670,"name":"Kharidian cactus (Healthy)","type":10,"category":1632,"actions":["Cut"],"coordinates":[[9498,37934],[9614,38006],[9698,38026]],"size":[1,1,148],"rotations":[0,0,0],"colors":[1475683,1073762]},{"id":19399,"name":"Cactus","type":10,"category":0,"actions":["Inspect"],"coordinates":[[9504,37984]],"size":[2,2,169],"rotations":[0],"colors":[1475712,1073762]},{"id":19392,"name":"Cactus","type":10,"category":0,"actions":["Inspect"],"coordinates":[[9512,37936]],"size":[2,2,169],"rotations":[0],"colors":[1475712,1073762]},{"id":1404,"name":"Cactus","type":10,"category":0,"actions":[],"coordinates":[[9516,38044],[9524,38048],[9540,38092],[9624,38052]],"size":[2,2,340],"rotations":[0,0,0,0],"colors":[1475683]},{"id":19402,"name":"Rockslide","type":10,"category":0,"actions":["Inspect"],"coordinates":[[9516,38024]],"size":[2,2,87],"rotations":[0],"colors":[5540258]},{"id":19396,"name":"Rockslide","type":10,"category":0,"actions":["Inspect"],"coordinates":[[9516,37964]],"size":[2,2,43],"rotations":[0],"colors":[5540258]},{"id":19553,"name":"Burrow","type":11,"category":0,"actions":["Inspect"],"coordinates":[[9514,37906]],"size":[1,1,178],"rotations":[0],"colors":[11393507,9555675,1473932,4428448,6400697,8174537]},{"id":8732,"name":"Young tree","type":10,"category":0,"actions":["Set-trap"],"coordinates":[[9518,38030],[9522,38062],[9522,37894],[9530,37894],[9534,38078],[9534,38058],[9546,38106],[9554,38130],[9562,38118],[9566,38138]],"size":[1,1,279],"rotations":[0,0,0,0,0,0,0,0,0,0],"colors":[4419840,4946320]},{"id":19400,"name":"Rockslide","type":10,"category":0,"actions":["Inspect"],"coordinates":[[9520,37988]],"size":[2,2,43],"rotations":[0],"colors":[5540258]},{"id":19389,"name":"Cactus","type":10,"category":0,"actions":["Inspect"],"coordinates":[[9520,37924]],"size":[2,2,169],"rotations":[0],"colors":[1475712,1073762]},{"id":1406,"name":"Cactus","type":10,"category":0,"actions":[],"coordinates":[[9524,38040]],"size":[2,2,128],"rotations":[0],"colors":[1812119,12505301]},{"id":11192,"name":"Rockslide","type":10,"category":0,"actions":[],"coordinates":[[9528,38068]],"size":[2,2,43],"rotations":[0],"colors":[5540258]},{"id":19393,"name":"Rockslide","type":10,"category":0,"actions":["Inspect"],"coordinates":[[9528,37940]],"size":[2,2,87],"rotations":[0],"colors":[5540258]},{"id":19401,"name":"Cactus","type":10,"category":0,"actions":["Inspect"],"coordinates":[[9532,37984]],"size":[2,2,169],"rotations":[0],"colors":[1475712,1073762]},{"id":19397,"name":"Rockslide","type":10,"category":0,"actions":["Inspect"],"coordinates":[[9532,37956]],"size":[2,2,43],"rotations":[0],"colors":[5540258]},{"id":19390,"name":"Rockslide","type":10,"category":0,"actions":["Inspect"],"coordinates":[[9540,37916]],"size":[2,2,43],"rotations":[0],"colors":[5540258]},{"id":19394,"name":"Cactus","type":10,"category":0,"actions":["Inspect"],"coordinates":[[9544,37944]],"size":[2,2,169],"rotations":[0],"colors":[1475712,1073762]},{"id":19398,"name":"Cactus","type":10,"category":0,"actions":["Inspect"],"coordinates":[[9552,37972]],"size":[2,2,128],"rotations":[0],"colors":[1812119,12505301]},{"id":11193,"name":"Rockslide","type":10,"category":0,"actions":[],"coordinates":[[9556,38112]],"size":[2,2,43],"rotations":[0],"colors":[5540258]},{"id":1403,"name":"Cactus","type":10,"category":0,"actions":[],"coordinates":[[9632,37964]],"size":[2,2,256],"rotations":[0],"colors":[1479542]}]