[{"id":16308,"name":"Cave entrance","type":10,"category":0,"actions":["Enter"],"coordinates":[[9742,11178]],"size":[1,1,240],"rotations":[0],"colors":[5540258,65536,3764617,2582400,1068149]},{"id":5046,"name":"Cave entrance","type":10,"category":0,"actions":["Enter"],"coordinates":[[9774,11150],[9810,11206],[9818,11234],[9826,11134],[9858,11174],[9874,11198],[9874,11138],[9926,11106]],"size":[1,1,240],"rotations":[0,0,0,0,0,0,0,0],"colors":[5540258,65536,3764617,2582400,1068149]},{"id":362,"name":"Barrel","type":10,"category":0,"actions":[],"coordinates":[[9786,11070],[9786,11066],[9794,11074],[9802,11082],[9850,11046],[9858,11062]],"size":[1,1,96],"rotations":[0,0,0,0,0,0],"colors":[4936448,8158597]},{"id":1015,"name":"Shelves","type":10,"category":0,"actions":[],"coordinates":[[9786,11058],[9786,11054],[9786,11050],[9830,11046],[9838,11046],[9858,11054],[9858,11050]],"size":[1,1,208],"rotations":[0,0,0,0,0,0,0],"colors":[2582393,4288637,1071980]},{"id":599,"name":"Table","type":10,"category":154,"actions":[],"coordinates":[[9790,11054]],"size":[1,1,164],"rotations":[0],"colors":[13254912,2579065]},{"id":358,"name":"Crate","type":11,"category":0,"actions":["Search"],"coordinates":[[9794,11070],[9822,11074],[9830,11078],[9854,11050]],"size":[1,1,160],"rotations":[0,0,0,0],"colors":[13254912]},{"id":356,"name":"Crate","type":10,"category":0,"actions":["Search"],"coordinates":[[9802,11074],[9810,11074],[9810,11050]],"size":[1,1,80],"rotations":[0,0,0],"colors":[13254912]},{"id":357,"name":"Crate","type":10,"category":0,"actions":["Search"],"coordinates":[[9806,11078]],"size":[1,1,80],"rotations":[0],"colors":[13254912,4292763]},{"id":653,"name":"null","type":22,"category":1684,"actions":[],"coordinates":[[9814,11046],[9818,11054],[9822,11078],[9822,11058],[9830,11118],[9838,11102],[9870,11158],[9890,11202]],"size":[1,1,2],"rotations":[0,0,0,0,0,0,0,0],"colors":[1451916]},{"id":5054,"name":"Ladder","type":10,"category":0,"actions":["Climb-up"],"coordinates":[[9814,11046]],"size":[1,1,264],"rotations":[0],"colors":[4290715,2130612,4936448,16711422]},{"id":652,"name":"null","type":22,"category":1684,"actions":[],"coordinates":[[9818,11066],[9838,11070],[9910,11190]],"size":[1,1,2],"rotations":[0,0,0],"colors":[1451916]},{"id":654,"name":"null","type":22,"category":1684,"actions":[],"coordinates":[[9822,11086],[9822,11050],[9830,11134],[9834,11066],[9846,11154],[9890,11178]],"size":[1,1,2],"rotations":[0,0,0,0,0,0],"colors":[1451916]},{"id":5052,"name":"Wall","type":0,"category":0,"actions":["Search"],"coordinates":[[9826,11082]],"size":[1,1,240],"rotations":[0],"colors":[7039858,6508032,6508032,7039858,7039858,6508032,7039858,6508032,6508032,7039858]},{"id":355,"name":"Crate","type":11,"category":0,"actions":["Search"],"coordinates":[[9826,11074]],"size":[1,1,160],"rotations":[0],"colors":[13254912]},{"id":5049,"name":"Stalagmite","type":10,"category":0,"actions":[],"coordinates":[[9830,11138],[9894,11206]],"size":[1,1,168],"rotations":[0,0],"colors":[3307680]},{"id":660,"name":"Corpse","type":10,"category":0,"actions":[],"coordinates":[[9834,11070]],"size":[1,1,67],"rotations":[0],"colors":[14474976]},{"id":1016,"name":"Shelves","type":10,"category":0,"actions":[],"coordinates":[[9834,11046]],"size":[1,1,224],"rotations":[0],"colors":[2582393,4288637,1071980,5540258,8166573]},{"id":5047,"name":"Stalagmites","type":10,"category":0,"actions":[],"coordinates":[[9842,11114],[9898,11186]],"size":[1,1,289],"rotations":[0,0],"colors":[3307680]},{"id":12770,"name":"Cave entrance","type":10,"category":0,"actions":["Enter"],"coordinates":[[9842,11102]],"size":[1,1,240],"rotations":[0],"colors":[5540258,65536,3764617,2582400,1068149]},{"id":4062,"name":"Shelf","type":5,"category":0,"actions":["Search"],"coordinates":[[9842,11074]],"size":[1,1,178],"rotations":[0],"colors":[15724012,6536631,7566202,10000803,12040385,1451916,4227477,1071980,15527919,1796768,15396333]},{"id":661,"name":"Corpse","type":10,"category":0,"actions":[],"coordinates":[[9846,11074]],"size":[1,1,99],"rotations":[0],"colors":[14474976]},{"id":364,"name":"Barrel","type":10,"category":0,"actions":[],"coordinates":[[9858,11066]],"size":[1,1,96],"rotations":[0],"colors":[10000803,11711164,4936448,8158597]},{"id":43759,"name":"Cave","type":10,"category":0,"actions":["Enter"],"coordinates":[[9906,11218]],"size":[1,1,240],"rotations":[0],"colors":[5540258,65536,3764617,2582400,1068149]},{"id":5056,"name":"Wooden doors","type":10,"category":0,"actions":["Open"],"coordinates":[[9908,11182]],"size":[2,1,240],"rotations":[1],"colors":[8032425,5522176,16460]},{"id":5057,"name":"Wooden doors","type":10,"category":0,"actions":["Open"],"coordinates":[[9912,11182]],"size":[2,1,240],"rotations":[1],"colors":[8032425,5522176,16460]},{"id":423,"name":"Bed","type":10,"category":0,"actions":[],"coordinates":[[9916,11086],[9944,11050],[9948,11110],[9956,11098],[9960,11090],[9964,11054]],"size":[2,3,23],"rotations":[0,1,2,1,2,0],"colors":[11719642,15856115,14212317,2578816]},{"id":12879,"name":"Crate","type":10,"category":0,"actions":[],"coordinates":[[9918,11098],[9918,11066],[9922,11066],[9926,11058],[9942,11110],[9958,11106],[9962,11046],[9966,11078]],"size":[1,1,79],"rotations":[0,0,0,0,0,0,0,0],"colors":[3764617,8034473,6523808,11185077,4946320,7639457,5996692]},{"id":12891,"name":"Barrel","type":10,"category":0,"actions":[],"coordinates":[[9918,11078],[9938,11106],[9954,11050]],"size":[1,1,99],"rotations":[0,0,0],"colors":[7635341,6720164,5538466,5142421,2579065,9146517,4026512]},{"id":12876,"name":"Crate","type":10,"category":0,"actions":[],"coordinates":[[9918,11070],[9926,11062],[9966,11062]],"size":[1,1,89],"rotations":[0,0,0],"colors":[3764617,8034473,6523808,11185077,4946320,7639457,5996692]},{"id":12877,"name":"Crates","type":10,"category":0,"actions":[],"coordinates":[[9918,11062],[9922,11062],[9938,11110],[9942,11114]],"size":[1,1,178],"rotations":[0,0,0,0],"colors":[3764617,8034473,6523808,11185077,4946320,7639457,5996692]},{"id":12886,"name":"Chair","type":11,"category":0,"actions":[],"coordinates":[[9938,11054]],"size":[1,1,144],"rotations":[0],"colors":[2974350,2778759]},{"id":38016,"name":"Cave","type":0,"category":0,"actions":["Enter"],"coordinates":[[9954,11186]],"size":[1,1,240],"rotations":[0],"colors":[6782076,5732472,5139565,4023141,2971481,19276,15677,10794,65536,5996150,3895653,4946030,2778457]},{"id":12887,"name":"Chair","type":11,"category":0,"actions":[],"coordinates":[[9954,11106]],"size":[1,1,156],"rotations":[0],"colors":[1076076,1071458]},{"id":17237,"name":"Torch","type":10,"category":0,"actions":[],"coordinates":[[9962,11190],[9962,11182]],"size":[1,1,121],"rotations":[0,0],"colors":[6990537,2582393,2571744,3013115,2599657]},{"id":12885,"name":"Chair","type":10,"category":0,"actions":[],"coordinates":[[9962,11074]],"size":[1,1,144],"rotations":[0],"colors":[2974350,2778759]},{"id":12768,"name":"Closed chest","type":10,"category":0,"actions":["Open"],"coordinates":[[9966,11082]],"size":[1,1,87],"rotations":[0],"colors":[7836040,4028272,5671297,6518893]}]