[{"id":11305,"name":"Barrel","type":10,"category":0,"actions":[],"coordinates":[[10758,36470],[10758,36434],[10766,36470]],"size":[1,1,99],"rotations":[0,0,0],"colors":[7635341,6720164,5538466,5142421,2579065,9146517,4026512]},{"id":11322,"name":"Barrel","type":10,"category":0,"actions":[],"coordinates":[[10758,36458],[10766,36462],[10766,36458]],"size":[1,1,192],"rotations":[0,0,0],"colors":[6453128,4941176,7045524,2582393,5134957,5992062]},{"id":11342,"name":"Repair Locker","type":10,"category":0,"actions":[],"coordinates":[[10758,36438]],"size":[1,1,80],"rotations":[0],"colors":[2582393,6990537,9145493,8158597,65536]},{"id":11341,"name":"Closed chest","type":10,"category":0,"actions":[],"coordinates":[[10762,36470]],"size":[1,1,101],"rotations":[0],"colors":[5994132,5137790,2602213,3003643,7039858,10000803]},{"id":11276,"name":"Mast","type":10,"category":0,"actions":[],"coordinates":[[10762,36446],[10762,36426]],"size":[1,1,240],"rotations":[0,0],"colors":[8169673,10461097,6197685]},{"id":11308,"name":"Ship's ladder","type":10,"category":0,"actions":["Climb-up"],"coordinates":[[10762,36422]],"size":[1,1,232],"rotations":[0],"colors":[5671297,7248018]},{"id":11287,"name":"Figurehead","type":10,"category":0,"actions":[],"coordinates":[[10764,36406]],"size":[2,1,240],"rotations":[1],"colors":[4028272,5671297,5338522,1073754,11186357]},{"id":11343,"name":"Gun Locker","type":10,"category":0,"actions":[],"coordinates":[[10766,36434]],"size":[1,1,80],"rotations":[0],"colors":[2582393,6990537,9145493,8158597,65536]}]