{
    "Filter settings": {
        "Activities": {
            "500 skill total": false,
            "2200 skill total": false,
            "Wintertodt": true,
            "750 skill total": false,
            "1750 skill total": false,
            "Normal/Others": true,
            "1250 skill total": false,
            "Tempoross": true,
            "Blast Furnace": true,
            "2000 skill total": false,
            "1500 skill total": false
        },
        "Type": {
            "PvP": false,
            "Free": false,
            "Members": true
        },
        "Locations": {
            "United States": true,
            "United Kingdom": true,
            "Australia": false,
            "Germany": true
        }
    },
    "Filtered worlds": [
        302,
        303,
        304,
        305,
        306,
        307,
        309,
        310,
        311,
        312,
        313,
        314,
        315,
        317,
        318,
        320,
        321,
        322,
        323,
        324,
        325,
        327,
        328,
        329,
        330,
        331,
        332,
        333,
        334,
        336,
        337,
        338,
        339,
        340,
        341,
        342,
        343,
        344,
        346,
        347,
        350,
        351,
        352,
        354,
        355,
        356,
        357,
        358,
        359,
        360,
        362,
        367,
        368,
        370,
        371,
        374,
        375,
        376,
        377,
        378,
        385,
        386,
        394,
        395,
        421,
        422,
        438,
        439,
        440,
        441,
        443,
        444,
        445,
        446,
        458,
        459,
        463,
        464,
        465,
        466,
        477,
        478,
        480,
        481,
        482,
        484,
        485,
        486,
        487,
        488,
        489,
        490,
        491,
        492,
        493,
        494,
        495,
        496,
        505,
        507,
        508,
        509,
        510,
        511,
        512,
        513,
        514,
        515,
        516,
        517,
        518,
        519,
        520,
        521,
        522,
        523,
        524,
        525,
        559,
        567,
        573
    ],
    "Hop Timer": 11
}